year,level_1,level_2,value
1980,Average Household Size Among Resident Households,Total HDB Dwellings,4.82
1980,Average Household Size Among Resident Households,Condominiums And Other Apartments,4.04
1980,Average Household Size Among Resident Households,Landed Properties,4.91
1980,Average Household Size Among Resident Households,Other Types Of Dwelling,5.17
1983,Average Household Size Among Resident Households,Total HDB Dwellings,4.73
1983,Average Household Size Among Resident Households,Condominiums And Other Apartments,4.02
1983,Average Household Size Among Resident Households,Landed Properties,4.88
1983,Average Household Size Among Resident Households,Other Types Of Dwelling,5.23
1984,Average Household Size Among Resident Households,Total HDB Dwellings,4.66
1984,Average Household Size Among Resident Households,Condominiums And Other Apartments,3.91
1984,Average Household Size Among Resident Households,Landed Properties,4.89
1984,Average Household Size Among Resident Households,Other Types Of Dwelling,5.13
1985,Average Household Size Among Resident Households,Total HDB Dwellings,4.48
1985,Average Household Size Among Resident Households,Condominiums And Other Apartments,3.95
1985,Average Household Size Among Resident Households,Landed Properties,4.85
1985,Average Household Size Among Resident Households,Other Types Of Dwelling,4.77
1986,Average Household Size Among Resident Households,Total HDB Dwellings,4.34
1986,Average Household Size Among Resident Households,Condominiums And Other Apartments,3.75
1986,Average Household Size Among Resident Households,Landed Properties,4.61
1986,Average Household Size Among Resident Households,Other Types Of Dwelling,4.8
1987,Average Household Size Among Resident Households,Total HDB Dwellings,4.32
1987,Average Household Size Among Resident Households,Condominiums And Other Apartments,3.68
1987,Average Household Size Among Resident Households,Landed Properties,4.68
1987,Average Household Size Among Resident Households,Other Types Of Dwelling,4.86
1988,Average Household Size Among Resident Households,Total HDB Dwellings,4.23
1988,Average Household Size Among Resident Households,Condominiums And Other Apartments,3.56
1988,Average Household Size Among Resident Households,Landed Properties,4.59
1988,Average Household Size Among Resident Households,Other Types Of Dwelling,4.21
1989,Average Household Size Among Resident Households,Total HDB Dwellings,4.15
1989,Average Household Size Among Resident Households,Condominiums And Other Apartments,3.48
1989,Average Household Size Among Resident Households,Landed Properties,4.46
1989,Average Household Size Among Resident Households,Other Types Of Dwelling,4.11
1990,Average Household Size Among Resident Households,Total HDB Dwellings,4.24
1990,Average Household Size Among Resident Households,Condominiums And Other Apartments,3.83
1990,Average Household Size Among Resident Households,Landed Properties,4.86
1990,Average Household Size Among Resident Households,Other Types Of Dwelling,3.74
1991,Average Household Size Among Resident Households,Total HDB Dwellings,4.09
1991,Average Household Size Among Resident Households,Condominiums And Other Apartments,3.66
1991,Average Household Size Among Resident Households,Landed Properties,4.57
1991,Average Household Size Among Resident Households,Other Types Of Dwelling,3.42
1992,Average Household Size Among Resident Households,Total HDB Dwellings,4.04
1992,Average Household Size Among Resident Households,Condominiums And Other Apartments,3.72
1992,Average Household Size Among Resident Households,Landed Properties,4.61
1992,Average Household Size Among Resident Households,Other Types Of Dwelling,3.51
1993,Average Household Size Among Resident Households,Total HDB Dwellings,4.03
1993,Average Household Size Among Resident Households,Condominiums And Other Apartments,3.73
1993,Average Household Size Among Resident Households,Landed Properties,4.65
1993,Average Household Size Among Resident Households,Other Types Of Dwelling,3.49
1994,Average Household Size Among Resident Households,Total HDB Dwellings,3.96
1994,Average Household Size Among Resident Households,Condominiums And Other Apartments,3.72
1994,Average Household Size Among Resident Households,Landed Properties,4.53
1994,Average Household Size Among Resident Households,Other Types Of Dwelling,3.26
1995,Average Household Size Among Resident Households,Total HDB Dwellings,3.94
1995,Average Household Size Among Resident Households,Condominiums And Other Apartments,3.56
1995,Average Household Size Among Resident Households,Landed Properties,4.69
1995,Average Household Size Among Resident Households,Other Types Of Dwelling,3.14
1996,Average Household Size Among Resident Households,Total HDB Dwellings,3.83
1996,Average Household Size Among Resident Households,Condominiums And Other Apartments,3.67
1996,Average Household Size Among Resident Households,Landed Properties,4.48
1996,Average Household Size Among Resident Households,Other Types Of Dwelling,3.32
1997,Average Household Size Among Resident Households,Total HDB Dwellings,3.75
1997,Average Household Size Among Resident Households,Condominiums And Other Apartments,3.61
1997,Average Household Size Among Resident Households,Landed Properties,4.3
1997,Average Household Size Among Resident Households,Other Types Of Dwelling,3.3
1998,Average Household Size Among Resident Households,Total HDB Dwellings,3.72
1998,Average Household Size Among Resident Households,Condominiums And Other Apartments,3.61
1998,Average Household Size Among Resident Households,Landed Properties,4.39
1998,Average Household Size Among Resident Households,Other Types Of Dwelling,3.31
1999,Average Household Size Among Resident Households,Total HDB Dwellings,3.61
1999,Average Household Size Among Resident Households,Condominiums And Other Apartments,3.57
1999,Average Household Size Among Resident Households,Landed Properties,4.31
1999,Average Household Size Among Resident Households,Other Types Of Dwelling,3.12
2000,Average Household Size Among Resident Households,Total HDB Dwellings,3.66
2000,Average Household Size Among Resident Households,Condominiums And Other Apartments,3.67
2000,Average Household Size Among Resident Households,Landed Properties,4.65
2000,Average Household Size Among Resident Households,Other Types Of Dwelling,3.05
2001,Average Household Size Among Resident Households,Total HDB Dwellings,3.57
2001,Average Household Size Among Resident Households,Condominiums And Other Apartments,3.58
2001,Average Household Size Among Resident Households,Landed Properties,4.33
2001,Average Household Size Among Resident Households,Other Types Of Dwelling,3.17
2002,Average Household Size Among Resident Households,Total HDB Dwellings,3.51
2002,Average Household Size Among Resident Households,Condominiums And Other Apartments,3.48
2002,Average Household Size Among Resident Households,Landed Properties,4.19
2002,Average Household Size Among Resident Households,Other Types Of Dwelling,3.43
2003,Average Household Size Among Resident Households,Total HDB Dwellings,3.47
2003,Average Household Size Among Resident Households,Condominiums And Other Apartments,3.45
2003,Average Household Size Among Resident Households,Landed Properties,4.3
2003,Average Household Size Among Resident Households,Other Types Of Dwelling,2.98
2004,Average Household Size Among Resident Households,Total HDB Dwellings,3.46
2004,Average Household Size Among Resident Households,Condominiums And Other Apartments,3.56
2004,Average Household Size Among Resident Households,Landed Properties,4.33
2004,Average Household Size Among Resident Households,Other Types Of Dwelling,2.85
2005,Average Household Size Among Resident Households,Total HDB Dwellings,3.51
2005,Average Household Size Among Resident Households,Condominiums And Other Apartments,3.52
2005,Average Household Size Among Resident Households,Landed Properties,4.54
2005,Average Household Size Among Resident Households,Other Types Of Dwelling,2.91
2006,Average Household Size Among Resident Households,Total HDB Dwellings,3.43
2006,Average Household Size Among Resident Households,Condominiums And Other Apartments,3.33
2006,Average Household Size Among Resident Households,Landed Properties,4.22
2006,Average Household Size Among Resident Households,Other Types Of Dwelling,2.94
2007,Average Household Size Among Resident Households,Total HDB Dwellings,3.44
2007,Average Household Size Among Resident Households,Condominiums And Other Apartments,3.44
2007,Average Household Size Among Resident Households,Landed Properties,4.22
2007,Average Household Size Among Resident Households,Other Types Of Dwelling,3.04
2008,Average Household Size Among Resident Households,Total HDB Dwellings,3.45
2008,Average Household Size Among Resident Households,Condominiums And Other Apartments,3.46
2008,Average Household Size Among Resident Households,Landed Properties,4.32
2008,Average Household Size Among Resident Households,Other Types Of Dwelling,3.09
2009,Average Household Size Among Resident Households,Total HDB Dwellings,3.45
2009,Average Household Size Among Resident Households,Condominiums And Other Apartments,3.45
2009,Average Household Size Among Resident Households,Landed Properties,4.28
2009,Average Household Size Among Resident Households,Other Types Of Dwelling,2.98
2010,Average Household Size Among Resident Households,Total HDB Dwellings,3.45
2010,Average Household Size Among Resident Households,Condominiums And Other Apartments,3.41
2010,Average Household Size Among Resident Households,Landed Properties,4.39
2010,Average Household Size Among Resident Households,Other Types Of Dwelling,2.65
2011,Average Household Size Among Resident Households,Total HDB Dwellings,3.46
2011,Average Household Size Among Resident Households,Condominiums And Other Apartments,3.43
2011,Average Household Size Among Resident Households,Landed Properties,4.38
2011,Average Household Size Among Resident Households,Other Types Of Dwelling,3.21
2012,Average Household Size Among Resident Households,Total HDB Dwellings,3.48
2012,Average Household Size Among Resident Households,Condominiums And Other Apartments,3.48
2012,Average Household Size Among Resident Households,Landed Properties,4.35
2012,Average Household Size Among Resident Households,Other Types Of Dwelling,2.99
2013,Average Household Size Among Resident Households,Total HDB Dwellings,3.42
2013,Average Household Size Among Resident Households,Condominiums And Other Apartments,3.42
2013,Average Household Size Among Resident Households,Landed Properties,4.33
2013,Average Household Size Among Resident Households,Other Types Of Dwelling,3.38
2014,Average Household Size Among Resident Households,Total HDB Dwellings,3.37
2014,Average Household Size Among Resident Households,Condominiums And Other Apartments,3.4
2014,Average Household Size Among Resident Households,Landed Properties,4.32
2014,Average Household Size Among Resident Households,Other Types Of Dwelling,3.02
2015,Average Household Size Among Resident Households,Total HDB Dwellings,3.34
2015,Average Household Size Among Resident Households,Condominiums And Other Apartments,3.34
2015,Average Household Size Among Resident Households,Landed Properties,4.3
2015,Average Household Size Among Resident Households,Other Types Of Dwelling,2.92