year,level_1,level_2,level_3,value
1990,"All Occupation Groups, (Total Employed Female Residents)","Legislators, Senior Officials & Managers",Managers & Administrators,na
1990,"All Occupation Groups, (Total Employed Female Residents)","Legislators, Senior Officials & Managers",Working Proprietors,na
1990,Employed Female Residents Aged 15 - 19 Years,"Legislators, Senior Officials & Managers",Managers & Administrators,na
1990,Employed Female Residents Aged 15 - 19 Years,"Legislators, Senior Officials & Managers",Working Proprietors,na
1990,Employed Female Residents Aged 20 - 24 Years,"Legislators, Senior Officials & Managers",Managers & Administrators,na
1990,Employed Female Residents Aged 20 - 24 Years,"Legislators, Senior Officials & Managers",Working Proprietors,na
1990,Employed Female Residents Aged 25 - 29 Years,"Legislators, Senior Officials & Managers",Managers & Administrators,na
1990,Employed Female Residents Aged 25 - 29 Years,"Legislators, Senior Officials & Managers",Working Proprietors,na
1990,Employed Female Residents Aged 30 - 34 Years,"Legislators, Senior Officials & Managers",Managers & Administrators,na
1990,Employed Female Residents Aged 30 - 34 Years,"Legislators, Senior Officials & Managers",Working Proprietors,na
1990,Employed Female Residents Aged 35 - 39 Years,"Legislators, Senior Officials & Managers",Managers & Administrators,na
1990,Employed Female Residents Aged 35 - 39 Years,"Legislators, Senior Officials & Managers",Working Proprietors,na
1990,Employed Female Residents Aged 40 - 44 Years,"Legislators, Senior Officials & Managers",Managers & Administrators,na
1990,Employed Female Residents Aged 40 - 44 Years,"Legislators, Senior Officials & Managers",Working Proprietors,na
1990,Employed Female Residents Aged 45 - 49 Years,"Legislators, Senior Officials & Managers",Managers & Administrators,na
1990,Employed Female Residents Aged 45 - 49 Years,"Legislators, Senior Officials & Managers",Working Proprietors,na
1990,Employed Female Residents Aged 50 - 54 Years,"Legislators, Senior Officials & Managers",Managers & Administrators,na
1990,Employed Female Residents Aged 50 - 54 Years,"Legislators, Senior Officials & Managers",Working Proprietors,na
1990,Employed Female Residents Aged 55 - 59 Years,"Legislators, Senior Officials & Managers",Managers & Administrators,na
1990,Employed Female Residents Aged 55 - 59 Years,"Legislators, Senior Officials & Managers",Working Proprietors,na
1990,Employed Female Residents Aged 60 - 64 Years,"Legislators, Senior Officials & Managers",Managers & Administrators,na
1990,Employed Female Residents Aged 60 - 64 Years,"Legislators, Senior Officials & Managers",Working Proprietors,na
1990,Employed Female Residents Aged 65 Years & Over,"Legislators, Senior Officials & Managers",Managers & Administrators,na
1990,Employed Female Residents Aged 65 Years & Over,"Legislators, Senior Officials & Managers",Working Proprietors,na
1991,"All Occupation Groups, (Total Employed Female Residents)","Legislators, Senior Officials & Managers",Managers & Administrators,13.2
1991,"All Occupation Groups, (Total Employed Female Residents)","Legislators, Senior Officials & Managers",Working Proprietors,7.1
1991,Employed Female Residents Aged 15 - 19 Years,"Legislators, Senior Officials & Managers",Managers & Administrators,0
1991,Employed Female Residents Aged 15 - 19 Years,"Legislators, Senior Officials & Managers",Working Proprietors,0
1991,Employed Female Residents Aged 20 - 24 Years,"Legislators, Senior Officials & Managers",Managers & Administrators,0.4
1991,Employed Female Residents Aged 20 - 24 Years,"Legislators, Senior Officials & Managers",Working Proprietors,0.2
1991,Employed Female Residents Aged 25 - 29 Years,"Legislators, Senior Officials & Managers",Managers & Administrators,2.4
1991,Employed Female Residents Aged 25 - 29 Years,"Legislators, Senior Officials & Managers",Working Proprietors,0.7
1991,Employed Female Residents Aged 30 - 34 Years,"Legislators, Senior Officials & Managers",Managers & Administrators,3.3
1991,Employed Female Residents Aged 30 - 34 Years,"Legislators, Senior Officials & Managers",Working Proprietors,1.1
1991,Employed Female Residents Aged 35 - 39 Years,"Legislators, Senior Officials & Managers",Managers & Administrators,3
1991,Employed Female Residents Aged 35 - 39 Years,"Legislators, Senior Officials & Managers",Working Proprietors,1.4
1991,Employed Female Residents Aged 40 - 44 Years,"Legislators, Senior Officials & Managers",Managers & Administrators,2.3
1991,Employed Female Residents Aged 40 - 44 Years,"Legislators, Senior Officials & Managers",Working Proprietors,1.5
1991,Employed Female Residents Aged 45 - 49 Years,"Legislators, Senior Officials & Managers",Managers & Administrators,0.8
1991,Employed Female Residents Aged 45 - 49 Years,"Legislators, Senior Officials & Managers",Working Proprietors,0.6
1991,Employed Female Residents Aged 50 - 54 Years,"Legislators, Senior Officials & Managers",Managers & Administrators,0.5
1991,Employed Female Residents Aged 50 - 54 Years,"Legislators, Senior Officials & Managers",Working Proprietors,0.6
1991,Employed Female Residents Aged 55 - 59 Years,"Legislators, Senior Officials & Managers",Managers & Administrators,0.2
1991,Employed Female Residents Aged 55 - 59 Years,"Legislators, Senior Officials & Managers",Working Proprietors,0.5
1991,Employed Female Residents Aged 60 - 64 Years,"Legislators, Senior Officials & Managers",Managers & Administrators,0.1
1991,Employed Female Residents Aged 60 - 64 Years,"Legislators, Senior Officials & Managers",Working Proprietors,0.3
1991,Employed Female Residents Aged 65 Years & Over,"Legislators, Senior Officials & Managers",Managers & Administrators,0.2
1991,Employed Female Residents Aged 65 Years & Over,"Legislators, Senior Officials & Managers",Working Proprietors,0.2
1992,"All Occupation Groups, (Total Employed Female Residents)","Legislators, Senior Officials & Managers",Managers & Administrators,16
1992,"All Occupation Groups, (Total Employed Female Residents)","Legislators, Senior Officials & Managers",Working Proprietors,7.6
1992,Employed Female Residents Aged 15 - 19 Years,"Legislators, Senior Officials & Managers",Managers & Administrators,0
1992,Employed Female Residents Aged 15 - 19 Years,"Legislators, Senior Officials & Managers",Working Proprietors,0
1992,Employed Female Residents Aged 20 - 24 Years,"Legislators, Senior Officials & Managers",Managers & Administrators,0.7
1992,Employed Female Residents Aged 20 - 24 Years,"Legislators, Senior Officials & Managers",Working Proprietors,0.2
1992,Employed Female Residents Aged 25 - 29 Years,"Legislators, Senior Officials & Managers",Managers & Administrators,2.5
1992,Employed Female Residents Aged 25 - 29 Years,"Legislators, Senior Officials & Managers",Working Proprietors,0.6
1992,Employed Female Residents Aged 30 - 34 Years,"Legislators, Senior Officials & Managers",Managers & Administrators,3.7
1992,Employed Female Residents Aged 30 - 34 Years,"Legislators, Senior Officials & Managers",Working Proprietors,1
1992,Employed Female Residents Aged 35 - 39 Years,"Legislators, Senior Officials & Managers",Managers & Administrators,3.8
1992,Employed Female Residents Aged 35 - 39 Years,"Legislators, Senior Officials & Managers",Working Proprietors,1.7
1992,Employed Female Residents Aged 40 - 44 Years,"Legislators, Senior Officials & Managers",Managers & Administrators,2.9
1992,Employed Female Residents Aged 40 - 44 Years,"Legislators, Senior Officials & Managers",Working Proprietors,1.4
1992,Employed Female Residents Aged 45 - 49 Years,"Legislators, Senior Officials & Managers",Managers & Administrators,1.3
1992,Employed Female Residents Aged 45 - 49 Years,"Legislators, Senior Officials & Managers",Working Proprietors,1.2
1992,Employed Female Residents Aged 50 - 54 Years,"Legislators, Senior Officials & Managers",Managers & Administrators,0.4
1992,Employed Female Residents Aged 50 - 54 Years,"Legislators, Senior Officials & Managers",Working Proprietors,0.6
1992,Employed Female Residents Aged 55 - 59 Years,"Legislators, Senior Officials & Managers",Managers & Administrators,0.2
1992,Employed Female Residents Aged 55 - 59 Years,"Legislators, Senior Officials & Managers",Working Proprietors,0.4
1992,Employed Female Residents Aged 60 - 64 Years,"Legislators, Senior Officials & Managers",Managers & Administrators,0.3
1992,Employed Female Residents Aged 60 - 64 Years,"Legislators, Senior Officials & Managers",Working Proprietors,0.2
1992,Employed Female Residents Aged 65 Years & Over,"Legislators, Senior Officials & Managers",Managers & Administrators,0.1
1992,Employed Female Residents Aged 65 Years & Over,"Legislators, Senior Officials & Managers",Working Proprietors,0.3
1993,"All Occupation Groups, (Total Employed Female Residents)","Legislators, Senior Officials & Managers",Managers & Administrators,18.3
1993,"All Occupation Groups, (Total Employed Female Residents)","Legislators, Senior Officials & Managers",Working Proprietors,7.6
1993,Employed Female Residents Aged 15 - 19 Years,"Legislators, Senior Officials & Managers",Managers & Administrators,0
1993,Employed Female Residents Aged 15 - 19 Years,"Legislators, Senior Officials & Managers",Working Proprietors,0
1993,Employed Female Residents Aged 20 - 24 Years,"Legislators, Senior Officials & Managers",Managers & Administrators,0.9
1993,Employed Female Residents Aged 20 - 24 Years,"Legislators, Senior Officials & Managers",Working Proprietors,0.1
1993,Employed Female Residents Aged 25 - 29 Years,"Legislators, Senior Officials & Managers",Managers & Administrators,2.8
1993,Employed Female Residents Aged 25 - 29 Years,"Legislators, Senior Officials & Managers",Working Proprietors,0.5
1993,Employed Female Residents Aged 30 - 34 Years,"Legislators, Senior Officials & Managers",Managers & Administrators,4.4
1993,Employed Female Residents Aged 30 - 34 Years,"Legislators, Senior Officials & Managers",Working Proprietors,1.4
1993,Employed Female Residents Aged 35 - 39 Years,"Legislators, Senior Officials & Managers",Managers & Administrators,4.5
1993,Employed Female Residents Aged 35 - 39 Years,"Legislators, Senior Officials & Managers",Working Proprietors,1.4
1993,Employed Female Residents Aged 40 - 44 Years,"Legislators, Senior Officials & Managers",Managers & Administrators,3
1993,Employed Female Residents Aged 40 - 44 Years,"Legislators, Senior Officials & Managers",Working Proprietors,1.6
1993,Employed Female Residents Aged 45 - 49 Years,"Legislators, Senior Officials & Managers",Managers & Administrators,1.5
1993,Employed Female Residents Aged 45 - 49 Years,"Legislators, Senior Officials & Managers",Working Proprietors,1.3
1993,Employed Female Residents Aged 50 - 54 Years,"Legislators, Senior Officials & Managers",Managers & Administrators,0.7
1993,Employed Female Residents Aged 50 - 54 Years,"Legislators, Senior Officials & Managers",Working Proprietors,0.4
1993,Employed Female Residents Aged 55 - 59 Years,"Legislators, Senior Officials & Managers",Managers & Administrators,0.2
1993,Employed Female Residents Aged 55 - 59 Years,"Legislators, Senior Officials & Managers",Working Proprietors,0.4
1993,Employed Female Residents Aged 60 - 64 Years,"Legislators, Senior Officials & Managers",Managers & Administrators,0.2
1993,Employed Female Residents Aged 60 - 64 Years,"Legislators, Senior Officials & Managers",Working Proprietors,0.1
1993,Employed Female Residents Aged 65 Years & Over,"Legislators, Senior Officials & Managers",Managers & Administrators,0.2
1993,Employed Female Residents Aged 65 Years & Over,"Legislators, Senior Officials & Managers",Working Proprietors,0.2
1994,"All Occupation Groups, (Total Employed Female Residents)","Legislators, Senior Officials & Managers",Managers & Administrators,20.6
1994,"All Occupation Groups, (Total Employed Female Residents)","Legislators, Senior Officials & Managers",Working Proprietors,8.1
1994,Employed Female Residents Aged 15 - 19 Years,"Legislators, Senior Officials & Managers",Managers & Administrators,0.1
1994,Employed Female Residents Aged 15 - 19 Years,"Legislators, Senior Officials & Managers",Working Proprietors,0
1994,Employed Female Residents Aged 20 - 24 Years,"Legislators, Senior Officials & Managers",Managers & Administrators,0.9
1994,Employed Female Residents Aged 20 - 24 Years,"Legislators, Senior Officials & Managers",Working Proprietors,0.2
1994,Employed Female Residents Aged 25 - 29 Years,"Legislators, Senior Officials & Managers",Managers & Administrators,2.8
1994,Employed Female Residents Aged 25 - 29 Years,"Legislators, Senior Officials & Managers",Working Proprietors,0.8
1994,Employed Female Residents Aged 30 - 34 Years,"Legislators, Senior Officials & Managers",Managers & Administrators,5.3
1994,Employed Female Residents Aged 30 - 34 Years,"Legislators, Senior Officials & Managers",Working Proprietors,1.1
1994,Employed Female Residents Aged 35 - 39 Years,"Legislators, Senior Officials & Managers",Managers & Administrators,4.2
1994,Employed Female Residents Aged 35 - 39 Years,"Legislators, Senior Officials & Managers",Working Proprietors,1.7
1994,Employed Female Residents Aged 40 - 44 Years,"Legislators, Senior Officials & Managers",Managers & Administrators,3.8
1994,Employed Female Residents Aged 40 - 44 Years,"Legislators, Senior Officials & Managers",Working Proprietors,1.7
1994,Employed Female Residents Aged 45 - 49 Years,"Legislators, Senior Officials & Managers",Managers & Administrators,2
1994,Employed Female Residents Aged 45 - 49 Years,"Legislators, Senior Officials & Managers",Working Proprietors,1.1
1994,Employed Female Residents Aged 50 - 54 Years,"Legislators, Senior Officials & Managers",Managers & Administrators,1
1994,Employed Female Residents Aged 50 - 54 Years,"Legislators, Senior Officials & Managers",Working Proprietors,0.6
1994,Employed Female Residents Aged 55 - 59 Years,"Legislators, Senior Officials & Managers",Managers & Administrators,0.5
1994,Employed Female Residents Aged 55 - 59 Years,"Legislators, Senior Officials & Managers",Working Proprietors,0.4
1994,Employed Female Residents Aged 60 - 64 Years,"Legislators, Senior Officials & Managers",Managers & Administrators,0.1
1994,Employed Female Residents Aged 60 - 64 Years,"Legislators, Senior Officials & Managers",Working Proprietors,0.3
1994,Employed Female Residents Aged 65 Years & Over,"Legislators, Senior Officials & Managers",Managers & Administrators,0.1
1994,Employed Female Residents Aged 65 Years & Over,"Legislators, Senior Officials & Managers",Working Proprietors,0.2
1995,"All Occupation Groups, (Total Employed Female Residents)","Legislators, Senior Officials & Managers",Managers & Administrators,na
1995,"All Occupation Groups, (Total Employed Female Residents)","Legislators, Senior Officials & Managers",Working Proprietors,na
1995,Employed Female Residents Aged 15 - 19 Years,"Legislators, Senior Officials & Managers",Managers & Administrators,na
1995,Employed Female Residents Aged 15 - 19 Years,"Legislators, Senior Officials & Managers",Working Proprietors,na
1995,Employed Female Residents Aged 20 - 24 Years,"Legislators, Senior Officials & Managers",Managers & Administrators,na
1995,Employed Female Residents Aged 20 - 24 Years,"Legislators, Senior Officials & Managers",Working Proprietors,na
1995,Employed Female Residents Aged 25 - 29 Years,"Legislators, Senior Officials & Managers",Managers & Administrators,na
1995,Employed Female Residents Aged 25 - 29 Years,"Legislators, Senior Officials & Managers",Working Proprietors,na
1995,Employed Female Residents Aged 30 - 34 Years,"Legislators, Senior Officials & Managers",Managers & Administrators,na
1995,Employed Female Residents Aged 30 - 34 Years,"Legislators, Senior Officials & Managers",Working Proprietors,na
1995,Employed Female Residents Aged 35 - 39 Years,"Legislators, Senior Officials & Managers",Managers & Administrators,na
1995,Employed Female Residents Aged 35 - 39 Years,"Legislators, Senior Officials & Managers",Working Proprietors,na
1995,Employed Female Residents Aged 40 - 44 Years,"Legislators, Senior Officials & Managers",Managers & Administrators,na
1995,Employed Female Residents Aged 40 - 44 Years,"Legislators, Senior Officials & Managers",Working Proprietors,na
1995,Employed Female Residents Aged 45 - 49 Years,"Legislators, Senior Officials & Managers",Managers & Administrators,na
1995,Employed Female Residents Aged 45 - 49 Years,"Legislators, Senior Officials & Managers",Working Proprietors,na
1995,Employed Female Residents Aged 50 - 54 Years,"Legislators, Senior Officials & Managers",Managers & Administrators,na
1995,Employed Female Residents Aged 50 - 54 Years,"Legislators, Senior Officials & Managers",Working Proprietors,na
1995,Employed Female Residents Aged 55 - 59 Years,"Legislators, Senior Officials & Managers",Managers & Administrators,na
1995,Employed Female Residents Aged 55 - 59 Years,"Legislators, Senior Officials & Managers",Working Proprietors,na
1995,Employed Female Residents Aged 60 - 64 Years,"Legislators, Senior Officials & Managers",Managers & Administrators,na
1995,Employed Female Residents Aged 60 - 64 Years,"Legislators, Senior Officials & Managers",Working Proprietors,na
1995,Employed Female Residents Aged 65 Years & Over,"Legislators, Senior Officials & Managers",Managers & Administrators,na
1995,Employed Female Residents Aged 65 Years & Over,"Legislators, Senior Officials & Managers",Working Proprietors,na
1996,"All Occupation Groups, (Total Employed Female Residents)","Legislators, Senior Officials & Managers",Managers & Administrators,28.5
1996,"All Occupation Groups, (Total Employed Female Residents)","Legislators, Senior Officials & Managers",Working Proprietors,9.2
1996,Employed Female Residents Aged 15 - 19 Years,"Legislators, Senior Officials & Managers",Managers & Administrators,0
1996,Employed Female Residents Aged 15 - 19 Years,"Legislators, Senior Officials & Managers",Working Proprietors,0
1996,Employed Female Residents Aged 20 - 24 Years,"Legislators, Senior Officials & Managers",Managers & Administrators,1.1
1996,Employed Female Residents Aged 20 - 24 Years,"Legislators, Senior Officials & Managers",Working Proprietors,0.2
1996,Employed Female Residents Aged 25 - 29 Years,"Legislators, Senior Officials & Managers",Managers & Administrators,4.2
1996,Employed Female Residents Aged 25 - 29 Years,"Legislators, Senior Officials & Managers",Working Proprietors,0.8
1996,Employed Female Residents Aged 30 - 34 Years,"Legislators, Senior Officials & Managers",Managers & Administrators,6.4
1996,Employed Female Residents Aged 30 - 34 Years,"Legislators, Senior Officials & Managers",Working Proprietors,1.4
1996,Employed Female Residents Aged 35 - 39 Years,"Legislators, Senior Officials & Managers",Managers & Administrators,6.5
1996,Employed Female Residents Aged 35 - 39 Years,"Legislators, Senior Officials & Managers",Working Proprietors,1.8
1996,Employed Female Residents Aged 40 - 44 Years,"Legislators, Senior Officials & Managers",Managers & Administrators,5.5
1996,Employed Female Residents Aged 40 - 44 Years,"Legislators, Senior Officials & Managers",Working Proprietors,1.8
1996,Employed Female Residents Aged 45 - 49 Years,"Legislators, Senior Officials & Managers",Managers & Administrators,2.9
1996,Employed Female Residents Aged 45 - 49 Years,"Legislators, Senior Officials & Managers",Working Proprietors,1.5
1996,Employed Female Residents Aged 50 - 54 Years,"Legislators, Senior Officials & Managers",Managers & Administrators,0.8
1996,Employed Female Residents Aged 50 - 54 Years,"Legislators, Senior Officials & Managers",Working Proprietors,0.8
1996,Employed Female Residents Aged 55 - 59 Years,"Legislators, Senior Officials & Managers",Managers & Administrators,0.7
1996,Employed Female Residents Aged 55 - 59 Years,"Legislators, Senior Officials & Managers",Working Proprietors,0.4
1996,Employed Female Residents Aged 60 - 64 Years,"Legislators, Senior Officials & Managers",Managers & Administrators,0.1
1996,Employed Female Residents Aged 60 - 64 Years,"Legislators, Senior Officials & Managers",Working Proprietors,0.1
1996,Employed Female Residents Aged 65 Years & Over,"Legislators, Senior Officials & Managers",Managers & Administrators,0.2
1996,Employed Female Residents Aged 65 Years & Over,"Legislators, Senior Officials & Managers",Working Proprietors,0.4
1997,"All Occupation Groups, (Total Employed Female Residents)","Legislators, Senior Officials & Managers",Managers & Administrators,32.4
1997,"All Occupation Groups, (Total Employed Female Residents)","Legislators, Senior Officials & Managers",Working Proprietors,11
1997,Employed Female Residents Aged 15 - 19 Years,"Legislators, Senior Officials & Managers",Managers & Administrators,0
1997,Employed Female Residents Aged 15 - 19 Years,"Legislators, Senior Officials & Managers",Working Proprietors,0
1997,Employed Female Residents Aged 20 - 24 Years,"Legislators, Senior Officials & Managers",Managers & Administrators,1.5
1997,Employed Female Residents Aged 20 - 24 Years,"Legislators, Senior Officials & Managers",Working Proprietors,0.2
1997,Employed Female Residents Aged 25 - 29 Years,"Legislators, Senior Officials & Managers",Managers & Administrators,5.8
1997,Employed Female Residents Aged 25 - 29 Years,"Legislators, Senior Officials & Managers",Working Proprietors,0.6
1997,Employed Female Residents Aged 30 - 34 Years,"Legislators, Senior Officials & Managers",Managers & Administrators,7.2
1997,Employed Female Residents Aged 30 - 34 Years,"Legislators, Senior Officials & Managers",Working Proprietors,1.6
1997,Employed Female Residents Aged 35 - 39 Years,"Legislators, Senior Officials & Managers",Managers & Administrators,6.7
1997,Employed Female Residents Aged 35 - 39 Years,"Legislators, Senior Officials & Managers",Working Proprietors,1.9
1997,Employed Female Residents Aged 40 - 44 Years,"Legislators, Senior Officials & Managers",Managers & Administrators,5.5
1997,Employed Female Residents Aged 40 - 44 Years,"Legislators, Senior Officials & Managers",Working Proprietors,1.9
1997,Employed Female Residents Aged 45 - 49 Years,"Legislators, Senior Officials & Managers",Managers & Administrators,3.5
1997,Employed Female Residents Aged 45 - 49 Years,"Legislators, Senior Officials & Managers",Working Proprietors,1.9
1997,Employed Female Residents Aged 50 - 54 Years,"Legislators, Senior Officials & Managers",Managers & Administrators,1.2
1997,Employed Female Residents Aged 50 - 54 Years,"Legislators, Senior Officials & Managers",Working Proprietors,1.3
1997,Employed Female Residents Aged 55 - 59 Years,"Legislators, Senior Officials & Managers",Managers & Administrators,0.6
1997,Employed Female Residents Aged 55 - 59 Years,"Legislators, Senior Officials & Managers",Working Proprietors,0.6
1997,Employed Female Residents Aged 60 - 64 Years,"Legislators, Senior Officials & Managers",Managers & Administrators,0.1
1997,Employed Female Residents Aged 60 - 64 Years,"Legislators, Senior Officials & Managers",Working Proprietors,0.4
1997,Employed Female Residents Aged 65 Years & Over,"Legislators, Senior Officials & Managers",Managers & Administrators,0.2
1997,Employed Female Residents Aged 65 Years & Over,"Legislators, Senior Officials & Managers",Working Proprietors,0.7
1998,"All Occupation Groups, (Total Employed Female Residents)","Legislators, Senior Officials & Managers",Managers & Administrators,31.3
1998,"All Occupation Groups, (Total Employed Female Residents)","Legislators, Senior Officials & Managers",Working Proprietors,9.2
1998,Employed Female Residents Aged 15 - 19 Years,"Legislators, Senior Officials & Managers",Managers & Administrators,0
1998,Employed Female Residents Aged 15 - 19 Years,"Legislators, Senior Officials & Managers",Working Proprietors,0
1998,Employed Female Residents Aged 20 - 24 Years,"Legislators, Senior Officials & Managers",Managers & Administrators,0.9
1998,Employed Female Residents Aged 20 - 24 Years,"Legislators, Senior Officials & Managers",Working Proprietors,0.1
1998,Employed Female Residents Aged 25 - 29 Years,"Legislators, Senior Officials & Managers",Managers & Administrators,4.1
1998,Employed Female Residents Aged 25 - 29 Years,"Legislators, Senior Officials & Managers",Working Proprietors,0.4
1998,Employed Female Residents Aged 30 - 34 Years,"Legislators, Senior Officials & Managers",Managers & Administrators,7.2
1998,Employed Female Residents Aged 30 - 34 Years,"Legislators, Senior Officials & Managers",Working Proprietors,1.2
1998,Employed Female Residents Aged 35 - 39 Years,"Legislators, Senior Officials & Managers",Managers & Administrators,7.4
1998,Employed Female Residents Aged 35 - 39 Years,"Legislators, Senior Officials & Managers",Working Proprietors,2.1
1998,Employed Female Residents Aged 40 - 44 Years,"Legislators, Senior Officials & Managers",Managers & Administrators,5.9
1998,Employed Female Residents Aged 40 - 44 Years,"Legislators, Senior Officials & Managers",Working Proprietors,1.8
1998,Employed Female Residents Aged 45 - 49 Years,"Legislators, Senior Officials & Managers",Managers & Administrators,3.2
1998,Employed Female Residents Aged 45 - 49 Years,"Legislators, Senior Officials & Managers",Working Proprietors,2.1
1998,Employed Female Residents Aged 50 - 54 Years,"Legislators, Senior Officials & Managers",Managers & Administrators,1.7
1998,Employed Female Residents Aged 50 - 54 Years,"Legislators, Senior Officials & Managers",Working Proprietors,0.8
1998,Employed Female Residents Aged 55 - 59 Years,"Legislators, Senior Officials & Managers",Managers & Administrators,0.6
1998,Employed Female Residents Aged 55 - 59 Years,"Legislators, Senior Officials & Managers",Working Proprietors,0.3
1998,Employed Female Residents Aged 60 - 64 Years,"Legislators, Senior Officials & Managers",Managers & Administrators,0.2
1998,Employed Female Residents Aged 60 - 64 Years,"Legislators, Senior Officials & Managers",Working Proprietors,0.2
1998,Employed Female Residents Aged 65 Years & Over,"Legislators, Senior Officials & Managers",Managers & Administrators,0.2
1998,Employed Female Residents Aged 65 Years & Over,"Legislators, Senior Officials & Managers",Working Proprietors,0.2
1999,"All Occupation Groups, (Total Employed Female Residents)","Legislators, Senior Officials & Managers",Managers & Administrators,31.2
1999,"All Occupation Groups, (Total Employed Female Residents)","Legislators, Senior Officials & Managers",Working Proprietors,10.5
1999,Employed Female Residents Aged 15 - 19 Years,"Legislators, Senior Officials & Managers",Managers & Administrators,0
1999,Employed Female Residents Aged 15 - 19 Years,"Legislators, Senior Officials & Managers",Working Proprietors,0
1999,Employed Female Residents Aged 20 - 24 Years,"Legislators, Senior Officials & Managers",Managers & Administrators,1.2
1999,Employed Female Residents Aged 20 - 24 Years,"Legislators, Senior Officials & Managers",Working Proprietors,0.1
1999,Employed Female Residents Aged 25 - 29 Years,"Legislators, Senior Officials & Managers",Managers & Administrators,4.4
1999,Employed Female Residents Aged 25 - 29 Years,"Legislators, Senior Officials & Managers",Working Proprietors,0.7
1999,Employed Female Residents Aged 30 - 34 Years,"Legislators, Senior Officials & Managers",Managers & Administrators,6.2
1999,Employed Female Residents Aged 30 - 34 Years,"Legislators, Senior Officials & Managers",Working Proprietors,1.4
1999,Employed Female Residents Aged 35 - 39 Years,"Legislators, Senior Officials & Managers",Managers & Administrators,6.6
1999,Employed Female Residents Aged 35 - 39 Years,"Legislators, Senior Officials & Managers",Working Proprietors,1.8
1999,Employed Female Residents Aged 40 - 44 Years,"Legislators, Senior Officials & Managers",Managers & Administrators,6.1
1999,Employed Female Residents Aged 40 - 44 Years,"Legislators, Senior Officials & Managers",Working Proprietors,2
1999,Employed Female Residents Aged 45 - 49 Years,"Legislators, Senior Officials & Managers",Managers & Administrators,4.1
1999,Employed Female Residents Aged 45 - 49 Years,"Legislators, Senior Officials & Managers",Working Proprietors,2.2
1999,Employed Female Residents Aged 50 - 54 Years,"Legislators, Senior Officials & Managers",Managers & Administrators,1.7
1999,Employed Female Residents Aged 50 - 54 Years,"Legislators, Senior Officials & Managers",Working Proprietors,1
1999,Employed Female Residents Aged 55 - 59 Years,"Legislators, Senior Officials & Managers",Managers & Administrators,0.6
1999,Employed Female Residents Aged 55 - 59 Years,"Legislators, Senior Officials & Managers",Working Proprietors,0.5
1999,Employed Female Residents Aged 60 - 64 Years,"Legislators, Senior Officials & Managers",Managers & Administrators,0.2
1999,Employed Female Residents Aged 60 - 64 Years,"Legislators, Senior Officials & Managers",Working Proprietors,0.2
1999,Employed Female Residents Aged 65 Years & Over,"Legislators, Senior Officials & Managers",Managers & Administrators,0.2
1999,Employed Female Residents Aged 65 Years & Over,"Legislators, Senior Officials & Managers",Working Proprietors,0.6
2000,"All Occupation Groups, (Total Employed Female Residents)","Legislators, Senior Officials & Managers",Managers & Administrators,na
2000,"All Occupation Groups, (Total Employed Female Residents)","Legislators, Senior Officials & Managers",Working Proprietors,na
2000,Employed Female Residents Aged 15 - 19 Years,"Legislators, Senior Officials & Managers",Managers & Administrators,na
2000,Employed Female Residents Aged 15 - 19 Years,"Legislators, Senior Officials & Managers",Working Proprietors,na
2000,Employed Female Residents Aged 20 - 24 Years,"Legislators, Senior Officials & Managers",Managers & Administrators,na
2000,Employed Female Residents Aged 20 - 24 Years,"Legislators, Senior Officials & Managers",Working Proprietors,na
2000,Employed Female Residents Aged 25 - 29 Years,"Legislators, Senior Officials & Managers",Managers & Administrators,na
2000,Employed Female Residents Aged 25 - 29 Years,"Legislators, Senior Officials & Managers",Working Proprietors,na
2000,Employed Female Residents Aged 30 - 34 Years,"Legislators, Senior Officials & Managers",Managers & Administrators,na
2000,Employed Female Residents Aged 30 - 34 Years,"Legislators, Senior Officials & Managers",Working Proprietors,na
2000,Employed Female Residents Aged 35 - 39 Years,"Legislators, Senior Officials & Managers",Managers & Administrators,na
2000,Employed Female Residents Aged 35 - 39 Years,"Legislators, Senior Officials & Managers",Working Proprietors,na
2000,Employed Female Residents Aged 40 - 44 Years,"Legislators, Senior Officials & Managers",Managers & Administrators,na
2000,Employed Female Residents Aged 40 - 44 Years,"Legislators, Senior Officials & Managers",Working Proprietors,na
2000,Employed Female Residents Aged 45 - 49 Years,"Legislators, Senior Officials & Managers",Managers & Administrators,na
2000,Employed Female Residents Aged 45 - 49 Years,"Legislators, Senior Officials & Managers",Working Proprietors,na
2000,Employed Female Residents Aged 50 - 54 Years,"Legislators, Senior Officials & Managers",Managers & Administrators,na
2000,Employed Female Residents Aged 50 - 54 Years,"Legislators, Senior Officials & Managers",Working Proprietors,na
2000,Employed Female Residents Aged 55 - 59 Years,"Legislators, Senior Officials & Managers",Managers & Administrators,na
2000,Employed Female Residents Aged 55 - 59 Years,"Legislators, Senior Officials & Managers",Working Proprietors,na
2000,Employed Female Residents Aged 60 - 64 Years,"Legislators, Senior Officials & Managers",Managers & Administrators,na
2000,Employed Female Residents Aged 60 - 64 Years,"Legislators, Senior Officials & Managers",Working Proprietors,na
2000,Employed Female Residents Aged 65 Years & Over,"Legislators, Senior Officials & Managers",Managers & Administrators,na
2000,Employed Female Residents Aged 65 Years & Over,"Legislators, Senior Officials & Managers",Working Proprietors,na
2001,"All Occupation Groups, (Total Employed Female Residents)","Legislators, Senior Officials & Managers",Managers & Administrators,43.9
2001,"All Occupation Groups, (Total Employed Female Residents)","Legislators, Senior Officials & Managers",Working Proprietors,11.6
2001,Employed Female Residents Aged 15 - 19 Years,"Legislators, Senior Officials & Managers",Managers & Administrators,0
2001,Employed Female Residents Aged 15 - 19 Years,"Legislators, Senior Officials & Managers",Working Proprietors,0
2001,Employed Female Residents Aged 20 - 24 Years,"Legislators, Senior Officials & Managers",Managers & Administrators,1.5
2001,Employed Female Residents Aged 20 - 24 Years,"Legislators, Senior Officials & Managers",Working Proprietors,0.1
2001,Employed Female Residents Aged 25 - 29 Years,"Legislators, Senior Officials & Managers",Managers & Administrators,6.2
2001,Employed Female Residents Aged 25 - 29 Years,"Legislators, Senior Officials & Managers",Working Proprietors,0.7
2001,Employed Female Residents Aged 30 - 34 Years,"Legislators, Senior Officials & Managers",Managers & Administrators,10.2
2001,Employed Female Residents Aged 30 - 34 Years,"Legislators, Senior Officials & Managers",Working Proprietors,1.5
2001,Employed Female Residents Aged 35 - 39 Years,"Legislators, Senior Officials & Managers",Managers & Administrators,9.4
2001,Employed Female Residents Aged 35 - 39 Years,"Legislators, Senior Officials & Managers",Working Proprietors,2.4
2001,Employed Female Residents Aged 40 - 44 Years,"Legislators, Senior Officials & Managers",Managers & Administrators,7.6
2001,Employed Female Residents Aged 40 - 44 Years,"Legislators, Senior Officials & Managers",Working Proprietors,2.4
2001,Employed Female Residents Aged 45 - 49 Years,"Legislators, Senior Officials & Managers",Managers & Administrators,5.5
2001,Employed Female Residents Aged 45 - 49 Years,"Legislators, Senior Officials & Managers",Working Proprietors,2
2001,Employed Female Residents Aged 50 - 54 Years,"Legislators, Senior Officials & Managers",Managers & Administrators,2.6
2001,Employed Female Residents Aged 50 - 54 Years,"Legislators, Senior Officials & Managers",Working Proprietors,1.4
2001,Employed Female Residents Aged 55 - 59 Years,"Legislators, Senior Officials & Managers",Managers & Administrators,0.5
2001,Employed Female Residents Aged 55 - 59 Years,"Legislators, Senior Officials & Managers",Working Proprietors,0.4
2001,Employed Female Residents Aged 60 - 64 Years,"Legislators, Senior Officials & Managers",Managers & Administrators,0.5
2001,Employed Female Residents Aged 60 - 64 Years,"Legislators, Senior Officials & Managers",Working Proprietors,0.4
2001,Employed Female Residents Aged 65 Years & Over,"Legislators, Senior Officials & Managers",Managers & Administrators,0.1
2001,Employed Female Residents Aged 65 Years & Over,"Legislators, Senior Officials & Managers",Working Proprietors,0.3
2002,"All Occupation Groups, (Total Employed Female Residents)","Legislators, Senior Officials & Managers",Managers & Administrators,45.5
2002,"All Occupation Groups, (Total Employed Female Residents)","Legislators, Senior Officials & Managers",Working Proprietors,12.7
2002,Employed Female Residents Aged 15 - 19 Years,"Legislators, Senior Officials & Managers",Managers & Administrators,0
2002,Employed Female Residents Aged 15 - 19 Years,"Legislators, Senior Officials & Managers",Working Proprietors,0
2002,Employed Female Residents Aged 20 - 24 Years,"Legislators, Senior Officials & Managers",Managers & Administrators,0.7
2002,Employed Female Residents Aged 20 - 24 Years,"Legislators, Senior Officials & Managers",Working Proprietors,0.1
2002,Employed Female Residents Aged 25 - 29 Years,"Legislators, Senior Officials & Managers",Managers & Administrators,5.9
2002,Employed Female Residents Aged 25 - 29 Years,"Legislators, Senior Officials & Managers",Working Proprietors,0.5
2002,Employed Female Residents Aged 30 - 34 Years,"Legislators, Senior Officials & Managers",Managers & Administrators,9.9
2002,Employed Female Residents Aged 30 - 34 Years,"Legislators, Senior Officials & Managers",Working Proprietors,1.8
2002,Employed Female Residents Aged 35 - 39 Years,"Legislators, Senior Officials & Managers",Managers & Administrators,11.2
2002,Employed Female Residents Aged 35 - 39 Years,"Legislators, Senior Officials & Managers",Working Proprietors,1.7
2002,Employed Female Residents Aged 40 - 44 Years,"Legislators, Senior Officials & Managers",Managers & Administrators,8
2002,Employed Female Residents Aged 40 - 44 Years,"Legislators, Senior Officials & Managers",Working Proprietors,2.4
2002,Employed Female Residents Aged 45 - 49 Years,"Legislators, Senior Officials & Managers",Managers & Administrators,5.8
2002,Employed Female Residents Aged 45 - 49 Years,"Legislators, Senior Officials & Managers",Working Proprietors,2.7
2002,Employed Female Residents Aged 50 - 54 Years,"Legislators, Senior Officials & Managers",Managers & Administrators,2.8
2002,Employed Female Residents Aged 50 - 54 Years,"Legislators, Senior Officials & Managers",Working Proprietors,1.9
2002,Employed Female Residents Aged 55 - 59 Years,"Legislators, Senior Officials & Managers",Managers & Administrators,0.6
2002,Employed Female Residents Aged 55 - 59 Years,"Legislators, Senior Officials & Managers",Working Proprietors,1.1
2002,Employed Female Residents Aged 60 - 64 Years,"Legislators, Senior Officials & Managers",Managers & Administrators,0.5
2002,Employed Female Residents Aged 60 - 64 Years,"Legislators, Senior Officials & Managers",Working Proprietors,0.3
2002,Employed Female Residents Aged 65 Years & Over,"Legislators, Senior Officials & Managers",Managers & Administrators,0.1
2002,Employed Female Residents Aged 65 Years & Over,"Legislators, Senior Officials & Managers",Working Proprietors,0.2
2003,"All Occupation Groups, (Total Employed Female Residents)","Legislators, Senior Officials & Managers",Managers & Administrators,46.4
2003,"All Occupation Groups, (Total Employed Female Residents)","Legislators, Senior Officials & Managers",Working Proprietors,13.6
2003,Employed Female Residents Aged 15 - 19 Years,"Legislators, Senior Officials & Managers",Managers & Administrators,0
2003,Employed Female Residents Aged 15 - 19 Years,"Legislators, Senior Officials & Managers",Working Proprietors,0
2003,Employed Female Residents Aged 20 - 24 Years,"Legislators, Senior Officials & Managers",Managers & Administrators,0.7
2003,Employed Female Residents Aged 20 - 24 Years,"Legislators, Senior Officials & Managers",Working Proprietors,0.3
2003,Employed Female Residents Aged 25 - 29 Years,"Legislators, Senior Officials & Managers",Managers & Administrators,5.9
2003,Employed Female Residents Aged 25 - 29 Years,"Legislators, Senior Officials & Managers",Working Proprietors,1.2
2003,Employed Female Residents Aged 30 - 34 Years,"Legislators, Senior Officials & Managers",Managers & Administrators,10.1
2003,Employed Female Residents Aged 30 - 34 Years,"Legislators, Senior Officials & Managers",Working Proprietors,1.6
2003,Employed Female Residents Aged 35 - 39 Years,"Legislators, Senior Officials & Managers",Managers & Administrators,9.4
2003,Employed Female Residents Aged 35 - 39 Years,"Legislators, Senior Officials & Managers",Working Proprietors,2.2
2003,Employed Female Residents Aged 40 - 44 Years,"Legislators, Senior Officials & Managers",Managers & Administrators,8
2003,Employed Female Residents Aged 40 - 44 Years,"Legislators, Senior Officials & Managers",Working Proprietors,2.4
2003,Employed Female Residents Aged 45 - 49 Years,"Legislators, Senior Officials & Managers",Managers & Administrators,6.6
2003,Employed Female Residents Aged 45 - 49 Years,"Legislators, Senior Officials & Managers",Working Proprietors,2.4
2003,Employed Female Residents Aged 50 - 54 Years,"Legislators, Senior Officials & Managers",Managers & Administrators,3.9
2003,Employed Female Residents Aged 50 - 54 Years,"Legislators, Senior Officials & Managers",Working Proprietors,1.9
2003,Employed Female Residents Aged 55 - 59 Years,"Legislators, Senior Officials & Managers",Managers & Administrators,1.1
2003,Employed Female Residents Aged 55 - 59 Years,"Legislators, Senior Officials & Managers",Working Proprietors,0.9
2003,Employed Female Residents Aged 60 - 64 Years,"Legislators, Senior Officials & Managers",Managers & Administrators,0.3
2003,Employed Female Residents Aged 60 - 64 Years,"Legislators, Senior Officials & Managers",Working Proprietors,0.4
2003,Employed Female Residents Aged 65 Years & Over,"Legislators, Senior Officials & Managers",Managers & Administrators,0.3
2003,Employed Female Residents Aged 65 Years & Over,"Legislators, Senior Officials & Managers",Working Proprietors,0.3
2004,"All Occupation Groups, (Total Employed Female Residents)","Legislators, Senior Officials & Managers",Managers & Administrators,50.1
2004,"All Occupation Groups, (Total Employed Female Residents)","Legislators, Senior Officials & Managers",Working Proprietors,13.6
2004,Employed Female Residents Aged 15 - 19 Years,"Legislators, Senior Officials & Managers",Managers & Administrators,0
2004,Employed Female Residents Aged 15 - 19 Years,"Legislators, Senior Officials & Managers",Working Proprietors,0
2004,Employed Female Residents Aged 20 - 24 Years,"Legislators, Senior Officials & Managers",Managers & Administrators,0.6
2004,Employed Female Residents Aged 20 - 24 Years,"Legislators, Senior Officials & Managers",Working Proprietors,0.2
2004,Employed Female Residents Aged 25 - 29 Years,"Legislators, Senior Officials & Managers",Managers & Administrators,5.1
2004,Employed Female Residents Aged 25 - 29 Years,"Legislators, Senior Officials & Managers",Working Proprietors,0.4
2004,Employed Female Residents Aged 30 - 34 Years,"Legislators, Senior Officials & Managers",Managers & Administrators,10.6
2004,Employed Female Residents Aged 30 - 34 Years,"Legislators, Senior Officials & Managers",Working Proprietors,1.4
2004,Employed Female Residents Aged 35 - 39 Years,"Legislators, Senior Officials & Managers",Managers & Administrators,10.8
2004,Employed Female Residents Aged 35 - 39 Years,"Legislators, Senior Officials & Managers",Working Proprietors,2.2
2004,Employed Female Residents Aged 40 - 44 Years,"Legislators, Senior Officials & Managers",Managers & Administrators,10
2004,Employed Female Residents Aged 40 - 44 Years,"Legislators, Senior Officials & Managers",Working Proprietors,2.7
2004,Employed Female Residents Aged 45 - 49 Years,"Legislators, Senior Officials & Managers",Managers & Administrators,7.4
2004,Employed Female Residents Aged 45 - 49 Years,"Legislators, Senior Officials & Managers",Working Proprietors,2.4
2004,Employed Female Residents Aged 50 - 54 Years,"Legislators, Senior Officials & Managers",Managers & Administrators,3.5
2004,Employed Female Residents Aged 50 - 54 Years,"Legislators, Senior Officials & Managers",Working Proprietors,2.1
2004,Employed Female Residents Aged 55 - 59 Years,"Legislators, Senior Officials & Managers",Managers & Administrators,1.5
2004,Employed Female Residents Aged 55 - 59 Years,"Legislators, Senior Officials & Managers",Working Proprietors,1.2
2004,Employed Female Residents Aged 60 - 64 Years,"Legislators, Senior Officials & Managers",Managers & Administrators,0.4
2004,Employed Female Residents Aged 60 - 64 Years,"Legislators, Senior Officials & Managers",Working Proprietors,0.5
2004,Employed Female Residents Aged 65 Years & Over,"Legislators, Senior Officials & Managers",Managers & Administrators,0.3
2004,Employed Female Residents Aged 65 Years & Over,"Legislators, Senior Officials & Managers",Working Proprietors,0.5
2005,"All Occupation Groups, (Total Employed Female Residents)","Legislators, Senior Officials & Managers",Managers & Administrators,na
2005,"All Occupation Groups, (Total Employed Female Residents)","Legislators, Senior Officials & Managers",Working Proprietors,na
2005,Employed Female Residents Aged 15 - 19 Years,"Legislators, Senior Officials & Managers",Managers & Administrators,na
2005,Employed Female Residents Aged 15 - 19 Years,"Legislators, Senior Officials & Managers",Working Proprietors,na
2005,Employed Female Residents Aged 20 - 24 Years,"Legislators, Senior Officials & Managers",Managers & Administrators,na
2005,Employed Female Residents Aged 20 - 24 Years,"Legislators, Senior Officials & Managers",Working Proprietors,na
2005,Employed Female Residents Aged 25 - 29 Years,"Legislators, Senior Officials & Managers",Managers & Administrators,na
2005,Employed Female Residents Aged 25 - 29 Years,"Legislators, Senior Officials & Managers",Working Proprietors,na
2005,Employed Female Residents Aged 30 - 34 Years,"Legislators, Senior Officials & Managers",Managers & Administrators,na
2005,Employed Female Residents Aged 30 - 34 Years,"Legislators, Senior Officials & Managers",Working Proprietors,na
2005,Employed Female Residents Aged 35 - 39 Years,"Legislators, Senior Officials & Managers",Managers & Administrators,na
2005,Employed Female Residents Aged 35 - 39 Years,"Legislators, Senior Officials & Managers",Working Proprietors,na
2005,Employed Female Residents Aged 40 - 44 Years,"Legislators, Senior Officials & Managers",Managers & Administrators,na
2005,Employed Female Residents Aged 40 - 44 Years,"Legislators, Senior Officials & Managers",Working Proprietors,na
2005,Employed Female Residents Aged 45 - 49 Years,"Legislators, Senior Officials & Managers",Managers & Administrators,na
2005,Employed Female Residents Aged 45 - 49 Years,"Legislators, Senior Officials & Managers",Working Proprietors,na
2005,Employed Female Residents Aged 50 - 54 Years,"Legislators, Senior Officials & Managers",Managers & Administrators,na
2005,Employed Female Residents Aged 50 - 54 Years,"Legislators, Senior Officials & Managers",Working Proprietors,na
2005,Employed Female Residents Aged 55 - 59 Years,"Legislators, Senior Officials & Managers",Managers & Administrators,na
2005,Employed Female Residents Aged 55 - 59 Years,"Legislators, Senior Officials & Managers",Working Proprietors,na
2005,Employed Female Residents Aged 60 - 64 Years,"Legislators, Senior Officials & Managers",Managers & Administrators,na
2005,Employed Female Residents Aged 60 - 64 Years,"Legislators, Senior Officials & Managers",Working Proprietors,na
2005,Employed Female Residents Aged 65 Years & Over,"Legislators, Senior Officials & Managers",Managers & Administrators,na
2005,Employed Female Residents Aged 65 Years & Over,"Legislators, Senior Officials & Managers",Working Proprietors,na
2006,"All Occupation Groups, (Total Employed Female Residents)","Legislators, Senior Officials & Managers",Managers & Administrators,66.8
2006,"All Occupation Groups, (Total Employed Female Residents)","Legislators, Senior Officials & Managers",Working Proprietors,16.5
2006,Employed Female Residents Aged 15 - 19 Years,"Legislators, Senior Officials & Managers",Managers & Administrators,0
2006,Employed Female Residents Aged 15 - 19 Years,"Legislators, Senior Officials & Managers",Working Proprietors,0
2006,Employed Female Residents Aged 20 - 24 Years,"Legislators, Senior Officials & Managers",Managers & Administrators,1.1
2006,Employed Female Residents Aged 20 - 24 Years,"Legislators, Senior Officials & Managers",Working Proprietors,0
2006,Employed Female Residents Aged 25 - 29 Years,"Legislators, Senior Officials & Managers",Managers & Administrators,6.9
2006,Employed Female Residents Aged 25 - 29 Years,"Legislators, Senior Officials & Managers",Working Proprietors,1
2006,Employed Female Residents Aged 30 - 34 Years,"Legislators, Senior Officials & Managers",Managers & Administrators,14.4
2006,Employed Female Residents Aged 30 - 34 Years,"Legislators, Senior Officials & Managers",Working Proprietors,1.9
2006,Employed Female Residents Aged 35 - 39 Years,"Legislators, Senior Officials & Managers",Managers & Administrators,15.7
2006,Employed Female Residents Aged 35 - 39 Years,"Legislators, Senior Officials & Managers",Working Proprietors,1.9
2006,Employed Female Residents Aged 40 - 44 Years,"Legislators, Senior Officials & Managers",Managers & Administrators,12.8
2006,Employed Female Residents Aged 40 - 44 Years,"Legislators, Senior Officials & Managers",Working Proprietors,3.4
2006,Employed Female Residents Aged 45 - 49 Years,"Legislators, Senior Officials & Managers",Managers & Administrators,8
2006,Employed Female Residents Aged 45 - 49 Years,"Legislators, Senior Officials & Managers",Working Proprietors,3.5
2006,Employed Female Residents Aged 50 - 54 Years,"Legislators, Senior Officials & Managers",Managers & Administrators,4.6
2006,Employed Female Residents Aged 50 - 54 Years,"Legislators, Senior Officials & Managers",Working Proprietors,2.6
2006,Employed Female Residents Aged 55 - 59 Years,"Legislators, Senior Officials & Managers",Managers & Administrators,2.2
2006,Employed Female Residents Aged 55 - 59 Years,"Legislators, Senior Officials & Managers",Working Proprietors,1.2
2006,Employed Female Residents Aged 60 - 64 Years,"Legislators, Senior Officials & Managers",Managers & Administrators,0.7
2006,Employed Female Residents Aged 60 - 64 Years,"Legislators, Senior Officials & Managers",Working Proprietors,0.4
2006,Employed Female Residents Aged 65 Years & Over,"Legislators, Senior Officials & Managers",Managers & Administrators,0.4
2006,Employed Female Residents Aged 65 Years & Over,"Legislators, Senior Officials & Managers",Working Proprietors,0.6
2007,"All Occupation Groups, (Total Employed Female Residents)","Legislators, Senior Officials & Managers",Managers & Administrators,64.7
2007,"All Occupation Groups, (Total Employed Female Residents)","Legislators, Senior Officials & Managers",Working Proprietors,15.8
2007,Employed Female Residents Aged 15 - 19 Years,"Legislators, Senior Officials & Managers",Managers & Administrators,0.1
2007,Employed Female Residents Aged 15 - 19 Years,"Legislators, Senior Officials & Managers",Working Proprietors,0
2007,Employed Female Residents Aged 20 - 24 Years,"Legislators, Senior Officials & Managers",Managers & Administrators,1.4
2007,Employed Female Residents Aged 20 - 24 Years,"Legislators, Senior Officials & Managers",Working Proprietors,0.1
2007,Employed Female Residents Aged 25 - 29 Years,"Legislators, Senior Officials & Managers",Managers & Administrators,7.5
2007,Employed Female Residents Aged 25 - 29 Years,"Legislators, Senior Officials & Managers",Working Proprietors,0.8
2007,Employed Female Residents Aged 30 - 34 Years,"Legislators, Senior Officials & Managers",Managers & Administrators,12.6
2007,Employed Female Residents Aged 30 - 34 Years,"Legislators, Senior Officials & Managers",Working Proprietors,1.3
2007,Employed Female Residents Aged 35 - 39 Years,"Legislators, Senior Officials & Managers",Managers & Administrators,13.3
2007,Employed Female Residents Aged 35 - 39 Years,"Legislators, Senior Officials & Managers",Working Proprietors,2.5
2007,Employed Female Residents Aged 40 - 44 Years,"Legislators, Senior Officials & Managers",Managers & Administrators,12.1
2007,Employed Female Residents Aged 40 - 44 Years,"Legislators, Senior Officials & Managers",Working Proprietors,2.8
2007,Employed Female Residents Aged 45 - 49 Years,"Legislators, Senior Officials & Managers",Managers & Administrators,8.1
2007,Employed Female Residents Aged 45 - 49 Years,"Legislators, Senior Officials & Managers",Working Proprietors,3.1
2007,Employed Female Residents Aged 50 - 54 Years,"Legislators, Senior Officials & Managers",Managers & Administrators,5.6
2007,Employed Female Residents Aged 50 - 54 Years,"Legislators, Senior Officials & Managers",Working Proprietors,2.8
2007,Employed Female Residents Aged 55 - 59 Years,"Legislators, Senior Officials & Managers",Managers & Administrators,2.6
2007,Employed Female Residents Aged 55 - 59 Years,"Legislators, Senior Officials & Managers",Working Proprietors,1.4
2007,Employed Female Residents Aged 60 - 64 Years,"Legislators, Senior Officials & Managers",Managers & Administrators,0.9
2007,Employed Female Residents Aged 60 - 64 Years,"Legislators, Senior Officials & Managers",Working Proprietors,0.8
2007,Employed Female Residents Aged 65 Years & Over,"Legislators, Senior Officials & Managers",Managers & Administrators,0.4
2007,Employed Female Residents Aged 65 Years & Over,"Legislators, Senior Officials & Managers",Working Proprietors,0.4
2008,"All Occupation Groups, (Total Employed Female Residents)","Legislators, Senior Officials & Managers",Managers & Administrators,74
2008,"All Occupation Groups, (Total Employed Female Residents)","Legislators, Senior Officials & Managers",Working Proprietors,15.5
2008,Employed Female Residents Aged 15 - 19 Years,"Legislators, Senior Officials & Managers",Managers & Administrators,0
2008,Employed Female Residents Aged 15 - 19 Years,"Legislators, Senior Officials & Managers",Working Proprietors,0
2008,Employed Female Residents Aged 20 - 24 Years,"Legislators, Senior Officials & Managers",Managers & Administrators,0.8
2008,Employed Female Residents Aged 20 - 24 Years,"Legislators, Senior Officials & Managers",Working Proprietors,0.2
2008,Employed Female Residents Aged 25 - 29 Years,"Legislators, Senior Officials & Managers",Managers & Administrators,6.6
2008,Employed Female Residents Aged 25 - 29 Years,"Legislators, Senior Officials & Managers",Working Proprietors,0.5
2008,Employed Female Residents Aged 30 - 34 Years,"Legislators, Senior Officials & Managers",Managers & Administrators,15.4
2008,Employed Female Residents Aged 30 - 34 Years,"Legislators, Senior Officials & Managers",Working Proprietors,1.6
2008,Employed Female Residents Aged 35 - 39 Years,"Legislators, Senior Officials & Managers",Managers & Administrators,16.6
2008,Employed Female Residents Aged 35 - 39 Years,"Legislators, Senior Officials & Managers",Working Proprietors,1.7
2008,Employed Female Residents Aged 40 - 44 Years,"Legislators, Senior Officials & Managers",Managers & Administrators,12.6
2008,Employed Female Residents Aged 40 - 44 Years,"Legislators, Senior Officials & Managers",Working Proprietors,2.7
2008,Employed Female Residents Aged 45 - 49 Years,"Legislators, Senior Officials & Managers",Managers & Administrators,10.8
2008,Employed Female Residents Aged 45 - 49 Years,"Legislators, Senior Officials & Managers",Working Proprietors,3
2008,Employed Female Residents Aged 50 - 54 Years,"Legislators, Senior Officials & Managers",Managers & Administrators,7.1
2008,Employed Female Residents Aged 50 - 54 Years,"Legislators, Senior Officials & Managers",Working Proprietors,2.5
2008,Employed Female Residents Aged 55 - 59 Years,"Legislators, Senior Officials & Managers",Managers & Administrators,2.6
2008,Employed Female Residents Aged 55 - 59 Years,"Legislators, Senior Officials & Managers",Working Proprietors,2
2008,Employed Female Residents Aged 60 - 64 Years,"Legislators, Senior Officials & Managers",Managers & Administrators,1.1
2008,Employed Female Residents Aged 60 - 64 Years,"Legislators, Senior Officials & Managers",Working Proprietors,0.8
2008,Employed Female Residents Aged 65 Years & Over,"Legislators, Senior Officials & Managers",Managers & Administrators,0.4
2008,Employed Female Residents Aged 65 Years & Over,"Legislators, Senior Officials & Managers",Working Proprietors,0.4
2009,"All Occupation Groups, (Total Employed Female Residents)","Legislators, Senior Officials & Managers",Managers & Administrators,72.7
2009,"All Occupation Groups, (Total Employed Female Residents)","Legislators, Senior Officials & Managers",Working Proprietors,19.4
2009,Employed Female Residents Aged 15 - 19 Years,"Legislators, Senior Officials & Managers",Managers & Administrators,0
2009,Employed Female Residents Aged 15 - 19 Years,"Legislators, Senior Officials & Managers",Working Proprietors,0
2009,Employed Female Residents Aged 20 - 24 Years,"Legislators, Senior Officials & Managers",Managers & Administrators,0.8
2009,Employed Female Residents Aged 20 - 24 Years,"Legislators, Senior Officials & Managers",Working Proprietors,0.2
2009,Employed Female Residents Aged 25 - 29 Years,"Legislators, Senior Officials & Managers",Managers & Administrators,6.8
2009,Employed Female Residents Aged 25 - 29 Years,"Legislators, Senior Officials & Managers",Working Proprietors,0.8
2009,Employed Female Residents Aged 30 - 34 Years,"Legislators, Senior Officials & Managers",Managers & Administrators,14.3
2009,Employed Female Residents Aged 30 - 34 Years,"Legislators, Senior Officials & Managers",Working Proprietors,2.1
2009,Employed Female Residents Aged 35 - 39 Years,"Legislators, Senior Officials & Managers",Managers & Administrators,15.8
2009,Employed Female Residents Aged 35 - 39 Years,"Legislators, Senior Officials & Managers",Working Proprietors,2.7
2009,Employed Female Residents Aged 40 - 44 Years,"Legislators, Senior Officials & Managers",Managers & Administrators,13.7
2009,Employed Female Residents Aged 40 - 44 Years,"Legislators, Senior Officials & Managers",Working Proprietors,3.4
2009,Employed Female Residents Aged 45 - 49 Years,"Legislators, Senior Officials & Managers",Managers & Administrators,10.3
2009,Employed Female Residents Aged 45 - 49 Years,"Legislators, Senior Officials & Managers",Working Proprietors,2.8
2009,Employed Female Residents Aged 50 - 54 Years,"Legislators, Senior Officials & Managers",Managers & Administrators,5.9
2009,Employed Female Residents Aged 50 - 54 Years,"Legislators, Senior Officials & Managers",Working Proprietors,3.3
2009,Employed Female Residents Aged 55 - 59 Years,"Legislators, Senior Officials & Managers",Managers & Administrators,3.8
2009,Employed Female Residents Aged 55 - 59 Years,"Legislators, Senior Officials & Managers",Working Proprietors,2.5
2009,Employed Female Residents Aged 60 - 64 Years,"Legislators, Senior Officials & Managers",Managers & Administrators,0.9
2009,Employed Female Residents Aged 60 - 64 Years,"Legislators, Senior Officials & Managers",Working Proprietors,1
2009,Employed Female Residents Aged 65 Years & Over,"Legislators, Senior Officials & Managers",Managers & Administrators,0.4
2009,Employed Female Residents Aged 65 Years & Over,"Legislators, Senior Officials & Managers",Working Proprietors,0.4
2010,"All Occupation Groups, (Total Employed Female Residents)","Legislators, Senior Officials & Managers",Managers & Administrators,98.4
2010,"All Occupation Groups, (Total Employed Female Residents)","Legislators, Senior Officials & Managers",Working Proprietors,16.6
2010,Employed Female Residents Aged 15 - 19 Years,"Legislators, Senior Officials & Managers",Managers & Administrators,0.1
2010,Employed Female Residents Aged 15 - 19 Years,"Legislators, Senior Officials & Managers",Working Proprietors,0
2010,Employed Female Residents Aged 20 - 24 Years,"Legislators, Senior Officials & Managers",Managers & Administrators,1.3
2010,Employed Female Residents Aged 20 - 24 Years,"Legislators, Senior Officials & Managers",Working Proprietors,0.1
2010,Employed Female Residents Aged 25 - 29 Years,"Legislators, Senior Officials & Managers",Managers & Administrators,9.3
2010,Employed Female Residents Aged 25 - 29 Years,"Legislators, Senior Officials & Managers",Working Proprietors,0.8
2010,Employed Female Residents Aged 30 - 34 Years,"Legislators, Senior Officials & Managers",Managers & Administrators,17.8
2010,Employed Female Residents Aged 30 - 34 Years,"Legislators, Senior Officials & Managers",Working Proprietors,1.3
2010,Employed Female Residents Aged 35 - 39 Years,"Legislators, Senior Officials & Managers",Managers & Administrators,21.4
2010,Employed Female Residents Aged 35 - 39 Years,"Legislators, Senior Officials & Managers",Working Proprietors,2.3
2010,Employed Female Residents Aged 40 - 44 Years,"Legislators, Senior Officials & Managers",Managers & Administrators,17.1
2010,Employed Female Residents Aged 40 - 44 Years,"Legislators, Senior Officials & Managers",Working Proprietors,2.7
2010,Employed Female Residents Aged 45 - 49 Years,"Legislators, Senior Officials & Managers",Managers & Administrators,13.3
2010,Employed Female Residents Aged 45 - 49 Years,"Legislators, Senior Officials & Managers",Working Proprietors,3.1
2010,Employed Female Residents Aged 50 - 54 Years,"Legislators, Senior Officials & Managers",Managers & Administrators,9.8
2010,Employed Female Residents Aged 50 - 54 Years,"Legislators, Senior Officials & Managers",Working Proprietors,2.4
2010,Employed Female Residents Aged 55 - 59 Years,"Legislators, Senior Officials & Managers",Managers & Administrators,5.6
2010,Employed Female Residents Aged 55 - 59 Years,"Legislators, Senior Officials & Managers",Working Proprietors,2.1
2010,Employed Female Residents Aged 60 - 64 Years,"Legislators, Senior Officials & Managers",Managers & Administrators,2.1
2010,Employed Female Residents Aged 60 - 64 Years,"Legislators, Senior Officials & Managers",Working Proprietors,0.8
2010,Employed Female Residents Aged 65 Years & Over,"Legislators, Senior Officials & Managers",Managers & Administrators,0.6
2010,Employed Female Residents Aged 65 Years & Over,"Legislators, Senior Officials & Managers",Working Proprietors,1
2011,"All Occupation Groups, (Total Employed Female Residents)","Legislators, Senior Officials & Managers",Managers & Administrators,100.6
2011,"All Occupation Groups, (Total Employed Female Residents)","Legislators, Senior Officials & Managers",Working Proprietors,20
2011,Employed Female Residents Aged 15 - 19 Years,"Legislators, Senior Officials & Managers",Managers & Administrators,0
2011,Employed Female Residents Aged 15 - 19 Years,"Legislators, Senior Officials & Managers",Working Proprietors,0
2011,Employed Female Residents Aged 20 - 24 Years,"Legislators, Senior Officials & Managers",Managers & Administrators,1
2011,Employed Female Residents Aged 20 - 24 Years,"Legislators, Senior Officials & Managers",Working Proprietors,0.4
2011,Employed Female Residents Aged 25 - 29 Years,"Legislators, Senior Officials & Managers",Managers & Administrators,8.2
2011,Employed Female Residents Aged 25 - 29 Years,"Legislators, Senior Officials & Managers",Working Proprietors,1.3
2011,Employed Female Residents Aged 30 - 34 Years,"Legislators, Senior Officials & Managers",Managers & Administrators,17.3
2011,Employed Female Residents Aged 30 - 34 Years,"Legislators, Senior Officials & Managers",Working Proprietors,1.6
2011,Employed Female Residents Aged 35 - 39 Years,"Legislators, Senior Officials & Managers",Managers & Administrators,21.7
2011,Employed Female Residents Aged 35 - 39 Years,"Legislators, Senior Officials & Managers",Working Proprietors,2.6
2011,Employed Female Residents Aged 40 - 44 Years,"Legislators, Senior Officials & Managers",Managers & Administrators,17.7
2011,Employed Female Residents Aged 40 - 44 Years,"Legislators, Senior Officials & Managers",Working Proprietors,3.6
2011,Employed Female Residents Aged 45 - 49 Years,"Legislators, Senior Officials & Managers",Managers & Administrators,16
2011,Employed Female Residents Aged 45 - 49 Years,"Legislators, Senior Officials & Managers",Working Proprietors,3.2
2011,Employed Female Residents Aged 50 - 54 Years,"Legislators, Senior Officials & Managers",Managers & Administrators,10.3
2011,Employed Female Residents Aged 50 - 54 Years,"Legislators, Senior Officials & Managers",Working Proprietors,3
2011,Employed Female Residents Aged 55 - 59 Years,"Legislators, Senior Officials & Managers",Managers & Administrators,5.4
2011,Employed Female Residents Aged 55 - 59 Years,"Legislators, Senior Officials & Managers",Working Proprietors,2.4
2011,Employed Female Residents Aged 60 - 64 Years,"Legislators, Senior Officials & Managers",Managers & Administrators,2.1
2011,Employed Female Residents Aged 60 - 64 Years,"Legislators, Senior Officials & Managers",Working Proprietors,0.9
2011,Employed Female Residents Aged 65 Years & Over,"Legislators, Senior Officials & Managers",Managers & Administrators,1
2011,Employed Female Residents Aged 65 Years & Over,"Legislators, Senior Officials & Managers",Working Proprietors,1.1
2012,"All Occupation Groups, (Total Employed Female Residents)","Legislators, Senior Officials & Managers",Managers & Administrators,99.1
2012,"All Occupation Groups, (Total Employed Female Residents)","Legislators, Senior Officials & Managers",Working Proprietors,17.9
2012,Employed Female Residents Aged 15 - 19 Years,"Legislators, Senior Officials & Managers",Managers & Administrators,0
2012,Employed Female Residents Aged 15 - 19 Years,"Legislators, Senior Officials & Managers",Working Proprietors,0
2012,Employed Female Residents Aged 20 - 24 Years,"Legislators, Senior Officials & Managers",Managers & Administrators,1.2
2012,Employed Female Residents Aged 20 - 24 Years,"Legislators, Senior Officials & Managers",Working Proprietors,0.2
2012,Employed Female Residents Aged 25 - 29 Years,"Legislators, Senior Officials & Managers",Managers & Administrators,6.2
2012,Employed Female Residents Aged 25 - 29 Years,"Legislators, Senior Officials & Managers",Working Proprietors,0.9
2012,Employed Female Residents Aged 30 - 34 Years,"Legislators, Senior Officials & Managers",Managers & Administrators,16.1
2012,Employed Female Residents Aged 30 - 34 Years,"Legislators, Senior Officials & Managers",Working Proprietors,1.8
2012,Employed Female Residents Aged 35 - 39 Years,"Legislators, Senior Officials & Managers",Managers & Administrators,19.9
2012,Employed Female Residents Aged 35 - 39 Years,"Legislators, Senior Officials & Managers",Working Proprietors,2.3
2012,Employed Female Residents Aged 40 - 44 Years,"Legislators, Senior Officials & Managers",Managers & Administrators,19.3
2012,Employed Female Residents Aged 40 - 44 Years,"Legislators, Senior Officials & Managers",Working Proprietors,2.7
2012,Employed Female Residents Aged 45 - 49 Years,"Legislators, Senior Officials & Managers",Managers & Administrators,15.2
2012,Employed Female Residents Aged 45 - 49 Years,"Legislators, Senior Officials & Managers",Working Proprietors,3.1
2012,Employed Female Residents Aged 50 - 54 Years,"Legislators, Senior Officials & Managers",Managers & Administrators,11.3
2012,Employed Female Residents Aged 50 - 54 Years,"Legislators, Senior Officials & Managers",Working Proprietors,3
2012,Employed Female Residents Aged 55 - 59 Years,"Legislators, Senior Officials & Managers",Managers & Administrators,6.2
2012,Employed Female Residents Aged 55 - 59 Years,"Legislators, Senior Officials & Managers",Working Proprietors,1.4
2012,Employed Female Residents Aged 60 - 64 Years,"Legislators, Senior Officials & Managers",Managers & Administrators,2.7
2012,Employed Female Residents Aged 60 - 64 Years,"Legislators, Senior Officials & Managers",Working Proprietors,1.4
2012,Employed Female Residents Aged 65 Years & Over,"Legislators, Senior Officials & Managers",Managers & Administrators,1
2012,Employed Female Residents Aged 65 Years & Over,"Legislators, Senior Officials & Managers",Working Proprietors,1
2013,"All Occupation Groups, (Total Employed Female Residents)","Legislators, Senior Officials & Managers",Managers & Administrators,95.3
2013,"All Occupation Groups, (Total Employed Female Residents)","Legislators, Senior Officials & Managers",Working Proprietors,22.5
2013,Employed Female Residents Aged 15 - 19 Years,"Legislators, Senior Officials & Managers",Managers & Administrators,0
2013,Employed Female Residents Aged 15 - 19 Years,"Legislators, Senior Officials & Managers",Working Proprietors,0
2013,Employed Female Residents Aged 20 - 24 Years,"Legislators, Senior Officials & Managers",Managers & Administrators,0.7
2013,Employed Female Residents Aged 20 - 24 Years,"Legislators, Senior Officials & Managers",Working Proprietors,0.3
2013,Employed Female Residents Aged 25 - 29 Years,"Legislators, Senior Officials & Managers",Managers & Administrators,5.7
2013,Employed Female Residents Aged 25 - 29 Years,"Legislators, Senior Officials & Managers",Working Proprietors,0.9
2013,Employed Female Residents Aged 30 - 34 Years,"Legislators, Senior Officials & Managers",Managers & Administrators,15.1
2013,Employed Female Residents Aged 30 - 34 Years,"Legislators, Senior Officials & Managers",Working Proprietors,1.6
2013,Employed Female Residents Aged 35 - 39 Years,"Legislators, Senior Officials & Managers",Managers & Administrators,19
2013,Employed Female Residents Aged 35 - 39 Years,"Legislators, Senior Officials & Managers",Working Proprietors,3.2
2013,Employed Female Residents Aged 40 - 44 Years,"Legislators, Senior Officials & Managers",Managers & Administrators,19.7
2013,Employed Female Residents Aged 40 - 44 Years,"Legislators, Senior Officials & Managers",Working Proprietors,3.6
2013,Employed Female Residents Aged 45 - 49 Years,"Legislators, Senior Officials & Managers",Managers & Administrators,14.6
2013,Employed Female Residents Aged 45 - 49 Years,"Legislators, Senior Officials & Managers",Working Proprietors,3.5
2013,Employed Female Residents Aged 50 - 54 Years,"Legislators, Senior Officials & Managers",Managers & Administrators,11.2
2013,Employed Female Residents Aged 50 - 54 Years,"Legislators, Senior Officials & Managers",Working Proprietors,3.4
2013,Employed Female Residents Aged 55 - 59 Years,"Legislators, Senior Officials & Managers",Managers & Administrators,5.5
2013,Employed Female Residents Aged 55 - 59 Years,"Legislators, Senior Officials & Managers",Working Proprietors,2.8
2013,Employed Female Residents Aged 60 - 64 Years,"Legislators, Senior Officials & Managers",Managers & Administrators,2.7
2013,Employed Female Residents Aged 60 - 64 Years,"Legislators, Senior Officials & Managers",Working Proprietors,1.9
2013,Employed Female Residents Aged 65 Years & Over,"Legislators, Senior Officials & Managers",Managers & Administrators,1.2
2013,Employed Female Residents Aged 65 Years & Over,"Legislators, Senior Officials & Managers",Working Proprietors,1.4
2014,"All Occupation Groups, (Total Employed Female Residents)","Legislators, Senior Officials & Managers",Managers & Administrators,94.3
2014,"All Occupation Groups, (Total Employed Female Residents)","Legislators, Senior Officials & Managers",Working Proprietors,21.6
2014,Employed Female Residents Aged 15 - 19 Years,"Legislators, Senior Officials & Managers",Managers & Administrators,0
2014,Employed Female Residents Aged 15 - 19 Years,"Legislators, Senior Officials & Managers",Working Proprietors,0
2014,Employed Female Residents Aged 20 - 24 Years,"Legislators, Senior Officials & Managers",Managers & Administrators,0.2
2014,Employed Female Residents Aged 20 - 24 Years,"Legislators, Senior Officials & Managers",Working Proprietors,0.1
2014,Employed Female Residents Aged 25 - 29 Years,"Legislators, Senior Officials & Managers",Managers & Administrators,4.9
2014,Employed Female Residents Aged 25 - 29 Years,"Legislators, Senior Officials & Managers",Working Proprietors,1.4
2014,Employed Female Residents Aged 30 - 34 Years,"Legislators, Senior Officials & Managers",Managers & Administrators,13.2
2014,Employed Female Residents Aged 30 - 34 Years,"Legislators, Senior Officials & Managers",Working Proprietors,1.9
2014,Employed Female Residents Aged 35 - 39 Years,"Legislators, Senior Officials & Managers",Managers & Administrators,18.4
2014,Employed Female Residents Aged 35 - 39 Years,"Legislators, Senior Officials & Managers",Working Proprietors,2.7
2014,Employed Female Residents Aged 40 - 44 Years,"Legislators, Senior Officials & Managers",Managers & Administrators,20.7
2014,Employed Female Residents Aged 40 - 44 Years,"Legislators, Senior Officials & Managers",Working Proprietors,3.1
2014,Employed Female Residents Aged 45 - 49 Years,"Legislators, Senior Officials & Managers",Managers & Administrators,13.9
2014,Employed Female Residents Aged 45 - 49 Years,"Legislators, Senior Officials & Managers",Working Proprietors,3.3
2014,Employed Female Residents Aged 50 - 54 Years,"Legislators, Senior Officials & Managers",Managers & Administrators,12.7
2014,Employed Female Residents Aged 50 - 54 Years,"Legislators, Senior Officials & Managers",Working Proprietors,3
2014,Employed Female Residents Aged 55 - 59 Years,"Legislators, Senior Officials & Managers",Managers & Administrators,6.3
2014,Employed Female Residents Aged 55 - 59 Years,"Legislators, Senior Officials & Managers",Working Proprietors,2.8
2014,Employed Female Residents Aged 60 - 64 Years,"Legislators, Senior Officials & Managers",Managers & Administrators,2.3
2014,Employed Female Residents Aged 60 - 64 Years,"Legislators, Senior Officials & Managers",Working Proprietors,2
2014,Employed Female Residents Aged 65 Years & Over,"Legislators, Senior Officials & Managers",Managers & Administrators,1.7
2014,Employed Female Residents Aged 65 Years & Over,"Legislators, Senior Officials & Managers",Working Proprietors,1.3
2015,"All Occupation Groups, (Total Employed Female Residents)","Legislators, Senior Officials & Managers",Managers & Administrators,93.5
2015,"All Occupation Groups, (Total Employed Female Residents)","Legislators, Senior Officials & Managers",Working Proprietors,24
2015,Employed Female Residents Aged 15 - 19 Years,"Legislators, Senior Officials & Managers",Managers & Administrators,0
2015,Employed Female Residents Aged 15 - 19 Years,"Legislators, Senior Officials & Managers",Working Proprietors,0
2015,Employed Female Residents Aged 20 - 24 Years,"Legislators, Senior Officials & Managers",Managers & Administrators,0.4
2015,Employed Female Residents Aged 20 - 24 Years,"Legislators, Senior Officials & Managers",Working Proprietors,0.6
2015,Employed Female Residents Aged 25 - 29 Years,"Legislators, Senior Officials & Managers",Managers & Administrators,4.5
2015,Employed Female Residents Aged 25 - 29 Years,"Legislators, Senior Officials & Managers",Working Proprietors,1
2015,Employed Female Residents Aged 30 - 34 Years,"Legislators, Senior Officials & Managers",Managers & Administrators,13.2
2015,Employed Female Residents Aged 30 - 34 Years,"Legislators, Senior Officials & Managers",Working Proprietors,2.5
2015,Employed Female Residents Aged 35 - 39 Years,"Legislators, Senior Officials & Managers",Managers & Administrators,17.1
2015,Employed Female Residents Aged 35 - 39 Years,"Legislators, Senior Officials & Managers",Working Proprietors,3.5
2015,Employed Female Residents Aged 40 - 44 Years,"Legislators, Senior Officials & Managers",Managers & Administrators,20.4
2015,Employed Female Residents Aged 40 - 44 Years,"Legislators, Senior Officials & Managers",Working Proprietors,4
2015,Employed Female Residents Aged 45 - 49 Years,"Legislators, Senior Officials & Managers",Managers & Administrators,15.5
2015,Employed Female Residents Aged 45 - 49 Years,"Legislators, Senior Officials & Managers",Working Proprietors,3.8
2015,Employed Female Residents Aged 50 - 54 Years,"Legislators, Senior Officials & Managers",Managers & Administrators,10.8
2015,Employed Female Residents Aged 50 - 54 Years,"Legislators, Senior Officials & Managers",Working Proprietors,3.6
2015,Employed Female Residents Aged 55 - 59 Years,"Legislators, Senior Officials & Managers",Managers & Administrators,7.7
2015,Employed Female Residents Aged 55 - 59 Years,"Legislators, Senior Officials & Managers",Working Proprietors,2.2
2015,Employed Female Residents Aged 60 - 64 Years,"Legislators, Senior Officials & Managers",Managers & Administrators,2.8
2015,Employed Female Residents Aged 60 - 64 Years,"Legislators, Senior Officials & Managers",Working Proprietors,1.8
2015,Employed Female Residents Aged 65 Years & Over,"Legislators, Senior Officials & Managers",Managers & Administrators,1.2
2015,Employed Female Residents Aged 65 Years & Over,"Legislators, Senior Officials & Managers",Working Proprietors,1.2