year,level_1,level_2,value
1990,Total Residents In The Labour Force,15 - 19 Years,55.6
1990,Total Residents In The Labour Force,20 - 24 Years,183.6
1990,Total Residents In The Labour Force,25 - 29 Years,240.5
1990,Total Residents In The Labour Force,30 - 34 Years,231.5
1990,Total Residents In The Labour Force,35 - 39 Years,193
1990,Total Residents In The Labour Force,40 - 44 Years,153.4
1990,Total Residents In The Labour Force,45 - 49 Years,89.7
1990,Total Residents In The Labour Force,50 - 54 Years,72.7
1990,Total Residents In The Labour Force,55 - 59 Years,45.3
1990,Total Residents In The Labour Force,60 - 64 Years,25.9
1990,Total Residents In The Labour Force,65 Years & Over,23.4
1990,Total Employed Residents,15 - 19 Years,53.6
1990,Total Employed Residents,20 - 24 Years,177.6
1990,Total Employed Residents,25 - 29 Years,234.9
1990,Total Employed Residents,30 - 34 Years,227.4
1990,Total Employed Residents,35 - 39 Years,190
1990,Total Employed Residents,40 - 44 Years,151.1
1990,Total Employed Residents,45 - 49 Years,88.1
1990,Total Employed Residents,50 - 54 Years,71.8
1990,Total Employed Residents,55 - 59 Years,45.1
1990,Total Employed Residents,60 - 64 Years,25.9
1990,Total Employed Residents,65 Years & Over,23.4
1990,Total Unemployed Residents,15 - 19 Years,2
1990,Total Unemployed Residents,20 - 24 Years,6.1
1990,Total Unemployed Residents,25 - 29 Years,5.6
1990,Total Unemployed Residents,30 - 34 Years,4.1
1990,Total Unemployed Residents,35 - 39 Years,3
1990,Total Unemployed Residents,40 - 44 Years,2.3
1990,Total Unemployed Residents,45 - 49 Years,1.5
1990,Total Unemployed Residents,50 - 54 Years,1
1990,Total Unemployed Residents,55 - 59 Years,0.2
1990,Total Unemployed Residents,60 - 64 Years,0
1990,Total Unemployed Residents,65 Years & Over,0
1990,Total Residents Outside The Labour Force,15 - 19 Years,165.8
1990,Total Residents Outside The Labour Force,20 - 24 Years,48.6
1990,Total Residents Outside The Labour Force,25 - 29 Years,43.2
1990,Total Residents Outside The Labour Force,30 - 34 Years,61.5
1990,Total Residents Outside The Labour Force,35 - 39 Years,59.7
1990,Total Residents Outside The Labour Force,40 - 44 Years,50.6
1990,Total Residents Outside The Labour Force,45 - 49 Years,37.9
1990,Total Residents Outside The Labour Force,50 - 54 Years,44.8
1990,Total Residents Outside The Labour Force,55 - 59 Years,54.5
1990,Total Residents Outside The Labour Force,60 - 64 Years,56.9
1990,Total Residents Outside The Labour Force,65 Years & Over,140.6
1991,Total Residents In The Labour Force,15 - 19 Years,67
1991,Total Residents In The Labour Force,20 - 24 Years,191.5
1991,Total Residents In The Labour Force,25 - 29 Years,234.5
1991,Total Residents In The Labour Force,30 - 34 Years,229.3
1991,Total Residents In The Labour Force,35 - 39 Years,201.7
1991,Total Residents In The Labour Force,40 - 44 Years,171.8
1991,Total Residents In The Labour Force,45 - 49 Years,97
1991,Total Residents In The Labour Force,50 - 54 Years,86.1
1991,Total Residents In The Labour Force,55 - 59 Years,49.4
1991,Total Residents In The Labour Force,60 - 64 Years,26.7
1991,Total Residents In The Labour Force,65 Years & Over,17.9
1991,Total Employed Residents,15 - 19 Years,63.8
1991,Total Employed Residents,20 - 24 Years,185.5
1991,Total Employed Residents,25 - 29 Years,229.2
1991,Total Employed Residents,30 - 34 Years,225.8
1991,Total Employed Residents,35 - 39 Years,198.4
1991,Total Employed Residents,40 - 44 Years,169
1991,Total Employed Residents,45 - 49 Years,95.8
1991,Total Employed Residents,50 - 54 Years,84.5
1991,Total Employed Residents,55 - 59 Years,48.8
1991,Total Employed Residents,60 - 64 Years,26.4
1991,Total Employed Residents,65 Years & Over,17.8
1991,Total Unemployed Residents,15 - 19 Years,3.2
1991,Total Unemployed Residents,20 - 24 Years,6
1991,Total Unemployed Residents,25 - 29 Years,5.3
1991,Total Unemployed Residents,30 - 34 Years,3.6
1991,Total Unemployed Residents,35 - 39 Years,3.2
1991,Total Unemployed Residents,40 - 44 Years,2.8
1991,Total Unemployed Residents,45 - 49 Years,1.2
1991,Total Unemployed Residents,50 - 54 Years,1.6
1991,Total Unemployed Residents,55 - 59 Years,0.6
1991,Total Unemployed Residents,60 - 64 Years,0.3
1991,Total Unemployed Residents,65 Years & Over,0.1
1991,Total Residents Outside The Labour Force,15 - 19 Years,167.8
1991,Total Residents Outside The Labour Force,20 - 24 Years,44.9
1991,Total Residents Outside The Labour Force,25 - 29 Years,40.6
1991,Total Residents Outside The Labour Force,30 - 34 Years,59.2
1991,Total Residents Outside The Labour Force,35 - 39 Years,58.2
1991,Total Residents Outside The Labour Force,40 - 44 Years,54.7
1991,Total Residents Outside The Labour Force,45 - 49 Years,40.7
1991,Total Residents Outside The Labour Force,50 - 54 Years,50.2
1991,Total Residents Outside The Labour Force,55 - 59 Years,57.8
1991,Total Residents Outside The Labour Force,60 - 64 Years,62.8
1991,Total Residents Outside The Labour Force,65 Years & Over,143.8
1992,Total Residents In The Labour Force,15 - 19 Years,61.9
1992,Total Residents In The Labour Force,20 - 24 Years,189.8
1992,Total Residents In The Labour Force,25 - 29 Years,236.7
1992,Total Residents In The Labour Force,30 - 34 Years,237.1
1992,Total Residents In The Labour Force,35 - 39 Years,205.4
1992,Total Residents In The Labour Force,40 - 44 Years,176.8
1992,Total Residents In The Labour Force,45 - 49 Years,111
1992,Total Residents In The Labour Force,50 - 54 Years,90.5
1992,Total Residents In The Labour Force,55 - 59 Years,50.8
1992,Total Residents In The Labour Force,60 - 64 Years,28.4
1992,Total Residents In The Labour Force,65 Years & Over,21.4
1992,Total Employed Residents,15 - 19 Years,57.9
1992,Total Employed Residents,20 - 24 Years,178.8
1992,Total Employed Residents,25 - 29 Years,229.3
1992,Total Employed Residents,30 - 34 Years,231.7
1992,Total Employed Residents,35 - 39 Years,201.6
1992,Total Employed Residents,40 - 44 Years,173.8
1992,Total Employed Residents,45 - 49 Years,108.6
1992,Total Employed Residents,50 - 54 Years,88.7
1992,Total Employed Residents,55 - 59 Years,50.1
1992,Total Employed Residents,60 - 64 Years,28.1
1992,Total Employed Residents,65 Years & Over,21.2
1992,Total Unemployed Residents,15 - 19 Years,4.1
1992,Total Unemployed Residents,20 - 24 Years,11.1
1992,Total Unemployed Residents,25 - 29 Years,7.4
1992,Total Unemployed Residents,30 - 34 Years,5.4
1992,Total Unemployed Residents,35 - 39 Years,3.7
1992,Total Unemployed Residents,40 - 44 Years,3
1992,Total Unemployed Residents,45 - 49 Years,2.4
1992,Total Unemployed Residents,50 - 54 Years,1.8
1992,Total Unemployed Residents,55 - 59 Years,0.7
1992,Total Unemployed Residents,60 - 64 Years,0.3
1992,Total Unemployed Residents,65 Years & Over,0.2
1992,Total Residents Outside The Labour Force,15 - 19 Years,167.5
1992,Total Residents Outside The Labour Force,20 - 24 Years,51
1992,Total Residents Outside The Labour Force,25 - 29 Years,38.3
1992,Total Residents Outside The Labour Force,30 - 34 Years,55.5
1992,Total Residents Outside The Labour Force,35 - 39 Years,61.5
1992,Total Residents Outside The Labour Force,40 - 44 Years,55.3
1992,Total Residents Outside The Labour Force,45 - 49 Years,44.2
1992,Total Residents Outside The Labour Force,50 - 54 Years,54.4
1992,Total Residents Outside The Labour Force,55 - 59 Years,57.5
1992,Total Residents Outside The Labour Force,60 - 64 Years,64.8
1992,Total Residents Outside The Labour Force,65 Years & Over,145.2
1993,Total Residents In The Labour Force,15 - 19 Years,53.5
1993,Total Residents In The Labour Force,20 - 24 Years,190.9
1993,Total Residents In The Labour Force,25 - 29 Years,221.8
1993,Total Residents In The Labour Force,30 - 34 Years,227
1993,Total Residents In The Labour Force,35 - 39 Years,215.4
1993,Total Residents In The Labour Force,40 - 44 Years,190.1
1993,Total Residents In The Labour Force,45 - 49 Years,128.8
1993,Total Residents In The Labour Force,50 - 54 Years,90.2
1993,Total Residents In The Labour Force,55 - 59 Years,53.4
1993,Total Residents In The Labour Force,60 - 64 Years,28.9
1993,Total Residents In The Labour Force,65 Years & Over,21.7
1993,Total Employed Residents,15 - 19 Years,49.7
1993,Total Employed Residents,20 - 24 Years,179.3
1993,Total Employed Residents,25 - 29 Years,214.4
1993,Total Employed Residents,30 - 34 Years,222.6
1993,Total Employed Residents,35 - 39 Years,211.1
1993,Total Employed Residents,40 - 44 Years,187
1993,Total Employed Residents,45 - 49 Years,126.7
1993,Total Employed Residents,50 - 54 Years,88.4
1993,Total Employed Residents,55 - 59 Years,52.5
1993,Total Employed Residents,60 - 64 Years,28.5
1993,Total Employed Residents,65 Years & Over,21.4
1993,Total Unemployed Residents,15 - 19 Years,3.8
1993,Total Unemployed Residents,20 - 24 Years,11.7
1993,Total Unemployed Residents,25 - 29 Years,7.4
1993,Total Unemployed Residents,30 - 34 Years,4.4
1993,Total Unemployed Residents,35 - 39 Years,4.3
1993,Total Unemployed Residents,40 - 44 Years,3
1993,Total Unemployed Residents,45 - 49 Years,2.1
1993,Total Unemployed Residents,50 - 54 Years,1.7
1993,Total Unemployed Residents,55 - 59 Years,0.9
1993,Total Unemployed Residents,60 - 64 Years,0.5
1993,Total Unemployed Residents,65 Years & Over,0.3
1993,Total Residents Outside The Labour Force,15 - 19 Years,172.4
1993,Total Residents Outside The Labour Force,20 - 24 Years,53.6
1993,Total Residents Outside The Labour Force,25 - 29 Years,37.1
1993,Total Residents Outside The Labour Force,30 - 34 Years,56.8
1993,Total Residents Outside The Labour Force,35 - 39 Years,63
1993,Total Residents Outside The Labour Force,40 - 44 Years,58.8
1993,Total Residents Outside The Labour Force,45 - 49 Years,46.9
1993,Total Residents Outside The Labour Force,50 - 54 Years,51.7
1993,Total Residents Outside The Labour Force,55 - 59 Years,60.2
1993,Total Residents Outside The Labour Force,60 - 64 Years,66.2
1993,Total Residents Outside The Labour Force,65 Years & Over,154.4
1994,Total Residents In The Labour Force,15 - 19 Years,46.2
1994,Total Residents In The Labour Force,20 - 24 Years,188.5
1994,Total Residents In The Labour Force,25 - 29 Years,224.6
1994,Total Residents In The Labour Force,30 - 34 Years,233.7
1994,Total Residents In The Labour Force,35 - 39 Years,227.6
1994,Total Residents In The Labour Force,40 - 44 Years,190.3
1994,Total Residents In The Labour Force,45 - 49 Years,140.7
1994,Total Residents In The Labour Force,50 - 54 Years,91.5
1994,Total Residents In The Labour Force,55 - 59 Years,58.9
1994,Total Residents In The Labour Force,60 - 64 Years,29.6
1994,Total Residents In The Labour Force,65 Years & Over,24.4
1994,Total Employed Residents,15 - 19 Years,42.6
1994,Total Employed Residents,20 - 24 Years,176.5
1994,Total Employed Residents,25 - 29 Years,217.4
1994,Total Employed Residents,30 - 34 Years,229.3
1994,Total Employed Residents,35 - 39 Years,223.7
1994,Total Employed Residents,40 - 44 Years,186.9
1994,Total Employed Residents,45 - 49 Years,138.3
1994,Total Employed Residents,50 - 54 Years,90
1994,Total Employed Residents,55 - 59 Years,58
1994,Total Employed Residents,60 - 64 Years,29
1994,Total Employed Residents,65 Years & Over,24.2
1994,Total Unemployed Residents,15 - 19 Years,3.5
1994,Total Unemployed Residents,20 - 24 Years,12
1994,Total Unemployed Residents,25 - 29 Years,7.2
1994,Total Unemployed Residents,30 - 34 Years,4.3
1994,Total Unemployed Residents,35 - 39 Years,3.9
1994,Total Unemployed Residents,40 - 44 Years,3.4
1994,Total Unemployed Residents,45 - 49 Years,2.4
1994,Total Unemployed Residents,50 - 54 Years,1.4
1994,Total Unemployed Residents,55 - 59 Years,1
1994,Total Unemployed Residents,60 - 64 Years,0.6
1994,Total Unemployed Residents,65 Years & Over,0.2
1994,Total Residents Outside The Labour Force,15 - 19 Years,167.6
1994,Total Residents Outside The Labour Force,20 - 24 Years,57.1
1994,Total Residents Outside The Labour Force,25 - 29 Years,35.4
1994,Total Residents Outside The Labour Force,30 - 34 Years,57.9
1994,Total Residents Outside The Labour Force,35 - 39 Years,63.9
1994,Total Residents Outside The Labour Force,40 - 44 Years,58
1994,Total Residents Outside The Labour Force,45 - 49 Years,49.6
1994,Total Residents Outside The Labour Force,50 - 54 Years,50.8
1994,Total Residents Outside The Labour Force,55 - 59 Years,59.9
1994,Total Residents Outside The Labour Force,60 - 64 Years,66.4
1994,Total Residents Outside The Labour Force,65 Years & Over,158.1
1995,Total Residents In The Labour Force,15 - 19 Years,35.4
1995,Total Residents In The Labour Force,20 - 24 Years,169.6
1995,Total Residents In The Labour Force,25 - 29 Years,207.7
1995,Total Residents In The Labour Force,30 - 34 Years,231.4
1995,Total Residents In The Labour Force,35 - 39 Years,232.7
1995,Total Residents In The Labour Force,40 - 44 Years,201.2
1995,Total Residents In The Labour Force,45 - 49 Years,156
1995,Total Residents In The Labour Force,50 - 54 Years,85.1
1995,Total Residents In The Labour Force,55 - 59 Years,59.3
1995,Total Residents In The Labour Force,60 - 64 Years,27.8
1995,Total Residents In The Labour Force,65 Years & Over,21.2
1995,Total Employed Residents,15 - 19 Years,32.4
1995,Total Employed Residents,20 - 24 Years,158.7
1995,Total Employed Residents,25 - 29 Years,199.7
1995,Total Employed Residents,30 - 34 Years,224.7
1995,Total Employed Residents,35 - 39 Years,227.2
1995,Total Employed Residents,40 - 44 Years,196.5
1995,Total Employed Residents,45 - 49 Years,152.4
1995,Total Employed Residents,50 - 54 Years,83.4
1995,Total Employed Residents,55 - 59 Years,58.3
1995,Total Employed Residents,60 - 64 Years,27.5
1995,Total Employed Residents,65 Years & Over,21.1
1995,Total Unemployed Residents,15 - 19 Years,3
1995,Total Unemployed Residents,20 - 24 Years,10.9
1995,Total Unemployed Residents,25 - 29 Years,7.9
1995,Total Unemployed Residents,30 - 34 Years,6.7
1995,Total Unemployed Residents,35 - 39 Years,5.5
1995,Total Unemployed Residents,40 - 44 Years,4.6
1995,Total Unemployed Residents,45 - 49 Years,3.6
1995,Total Unemployed Residents,50 - 54 Years,1.7
1995,Total Unemployed Residents,55 - 59 Years,1
1995,Total Unemployed Residents,60 - 64 Years,0.2
1995,Total Unemployed Residents,65 Years & Over,0.2
1995,Total Residents Outside The Labour Force,15 - 19 Years,175.6
1995,Total Residents Outside The Labour Force,20 - 24 Years,59.5
1995,Total Residents Outside The Labour Force,25 - 29 Years,35.3
1995,Total Residents Outside The Labour Force,30 - 34 Years,61.5
1995,Total Residents Outside The Labour Force,35 - 39 Years,68.7
1995,Total Residents Outside The Labour Force,40 - 44 Years,63.3
1995,Total Residents Outside The Labour Force,45 - 49 Years,55.4
1995,Total Residents Outside The Labour Force,50 - 54 Years,47.7
1995,Total Residents Outside The Labour Force,55 - 59 Years,62.4
1995,Total Residents Outside The Labour Force,60 - 64 Years,69.5
1995,Total Residents Outside The Labour Force,65 Years & Over,178.7
1996,Total Residents In The Labour Force,15 - 19 Years,40.6
1996,Total Residents In The Labour Force,20 - 24 Years,164.5
1996,Total Residents In The Labour Force,25 - 29 Years,213
1996,Total Residents In The Labour Force,30 - 34 Years,245
1996,Total Residents In The Labour Force,35 - 39 Years,242.1
1996,Total Residents In The Labour Force,40 - 44 Years,216.1
1996,Total Residents In The Labour Force,45 - 49 Years,177.4
1996,Total Residents In The Labour Force,50 - 54 Years,89.1
1996,Total Residents In The Labour Force,55 - 59 Years,67.7
1996,Total Residents In The Labour Force,60 - 64 Years,30.2
1996,Total Residents In The Labour Force,65 Years & Over,25.9
1996,Total Employed Residents,15 - 19 Years,37.3
1996,Total Employed Residents,20 - 24 Years,152.6
1996,Total Employed Residents,25 - 29 Years,205.4
1996,Total Employed Residents,30 - 34 Years,240.2
1996,Total Employed Residents,35 - 39 Years,236.7
1996,Total Employed Residents,40 - 44 Years,211.2
1996,Total Employed Residents,45 - 49 Years,173.8
1996,Total Employed Residents,50 - 54 Years,86.7
1996,Total Employed Residents,55 - 59 Years,66
1996,Total Employed Residents,60 - 64 Years,29.3
1996,Total Employed Residents,65 Years & Over,25.6
1996,Total Unemployed Residents,15 - 19 Years,3.3
1996,Total Unemployed Residents,20 - 24 Years,11.9
1996,Total Unemployed Residents,25 - 29 Years,7.6
1996,Total Unemployed Residents,30 - 34 Years,4.8
1996,Total Unemployed Residents,35 - 39 Years,5.4
1996,Total Unemployed Residents,40 - 44 Years,4.8
1996,Total Unemployed Residents,45 - 49 Years,3.6
1996,Total Unemployed Residents,50 - 54 Years,2.4
1996,Total Unemployed Residents,55 - 59 Years,1.7
1996,Total Unemployed Residents,60 - 64 Years,0.9
1996,Total Unemployed Residents,65 Years & Over,0.3
1996,Total Residents Outside The Labour Force,15 - 19 Years,175.4
1996,Total Residents Outside The Labour Force,20 - 24 Years,56.7
1996,Total Residents Outside The Labour Force,25 - 29 Years,30.6
1996,Total Residents Outside The Labour Force,30 - 34 Years,53.7
1996,Total Residents Outside The Labour Force,35 - 39 Years,63.9
1996,Total Residents Outside The Labour Force,40 - 44 Years,62.7
1996,Total Residents Outside The Labour Force,45 - 49 Years,56.5
1996,Total Residents Outside The Labour Force,50 - 54 Years,41.9
1996,Total Residents Outside The Labour Force,55 - 59 Years,60.2
1996,Total Residents Outside The Labour Force,60 - 64 Years,65.4
1996,Total Residents Outside The Labour Force,65 Years & Over,178.7
1997,Total Residents In The Labour Force,15 - 19 Years,32.8
1997,Total Residents In The Labour Force,20 - 24 Years,161.9
1997,Total Residents In The Labour Force,25 - 29 Years,222.3
1997,Total Residents In The Labour Force,30 - 34 Years,241.6
1997,Total Residents In The Labour Force,35 - 39 Years,238.3
1997,Total Residents In The Labour Force,40 - 44 Years,222.9
1997,Total Residents In The Labour Force,45 - 49 Years,186.5
1997,Total Residents In The Labour Force,50 - 54 Years,107
1997,Total Residents In The Labour Force,55 - 59 Years,67.8
1997,Total Residents In The Labour Force,60 - 64 Years,32.1
1997,Total Residents In The Labour Force,65 Years & Over,25.1
1997,Total Employed Residents,15 - 19 Years,31.2
1997,Total Employed Residents,20 - 24 Years,152.9
1997,Total Employed Residents,25 - 29 Years,216
1997,Total Employed Residents,30 - 34 Years,236.6
1997,Total Employed Residents,35 - 39 Years,234.1
1997,Total Employed Residents,40 - 44 Years,218.6
1997,Total Employed Residents,45 - 49 Years,182.9
1997,Total Employed Residents,50 - 54 Years,104.9
1997,Total Employed Residents,55 - 59 Years,66.5
1997,Total Employed Residents,60 - 64 Years,31.4
1997,Total Employed Residents,65 Years & Over,24.8
1997,Total Unemployed Residents,15 - 19 Years,1.6
1997,Total Unemployed Residents,20 - 24 Years,9
1997,Total Unemployed Residents,25 - 29 Years,6.3
1997,Total Unemployed Residents,30 - 34 Years,5
1997,Total Unemployed Residents,35 - 39 Years,4.1
1997,Total Unemployed Residents,40 - 44 Years,4.3
1997,Total Unemployed Residents,45 - 49 Years,3.6
1997,Total Unemployed Residents,50 - 54 Years,2.1
1997,Total Unemployed Residents,55 - 59 Years,1.3
1997,Total Unemployed Residents,60 - 64 Years,0.7
1997,Total Unemployed Residents,65 Years & Over,0.4
1997,Total Residents Outside The Labour Force,15 - 19 Years,178.4
1997,Total Residents Outside The Labour Force,20 - 24 Years,63.9
1997,Total Residents Outside The Labour Force,25 - 29 Years,31.8
1997,Total Residents Outside The Labour Force,30 - 34 Years,52.2
1997,Total Residents Outside The Labour Force,35 - 39 Years,65.3
1997,Total Residents Outside The Labour Force,40 - 44 Years,63.3
1997,Total Residents Outside The Labour Force,45 - 49 Years,58.1
1997,Total Residents Outside The Labour Force,50 - 54 Years,47.9
1997,Total Residents Outside The Labour Force,55 - 59 Years,65.2
1997,Total Residents Outside The Labour Force,60 - 64 Years,67
1997,Total Residents Outside The Labour Force,65 Years & Over,182.2
1998,Total Residents In The Labour Force,15 - 19 Years,29.1
1998,Total Residents In The Labour Force,20 - 24 Years,141.8
1998,Total Residents In The Labour Force,25 - 29 Years,215.3
1998,Total Residents In The Labour Force,30 - 34 Years,240.3
1998,Total Residents In The Labour Force,35 - 39 Years,246.9
1998,Total Residents In The Labour Force,40 - 44 Years,235.9
1998,Total Residents In The Labour Force,45 - 49 Years,193.1
1998,Total Residents In The Labour Force,50 - 54 Years,118
1998,Total Residents In The Labour Force,55 - 59 Years,70.5
1998,Total Residents In The Labour Force,60 - 64 Years,31.5
1998,Total Residents In The Labour Force,65 Years & Over,24
1998,Total Employed Residents,15 - 19 Years,26.8
1998,Total Employed Residents,20 - 24 Years,130
1998,Total Employed Residents,25 - 29 Years,206.7
1998,Total Employed Residents,30 - 34 Years,234.4
1998,Total Employed Residents,35 - 39 Years,240.5
1998,Total Employed Residents,40 - 44 Years,230.1
1998,Total Employed Residents,45 - 49 Years,187.6
1998,Total Employed Residents,50 - 54 Years,114.7
1998,Total Employed Residents,55 - 59 Years,68.5
1998,Total Employed Residents,60 - 64 Years,30.9
1998,Total Employed Residents,65 Years & Over,23.8
1998,Total Unemployed Residents,15 - 19 Years,2.3
1998,Total Unemployed Residents,20 - 24 Years,11.8
1998,Total Unemployed Residents,25 - 29 Years,8.7
1998,Total Unemployed Residents,30 - 34 Years,5.9
1998,Total Unemployed Residents,35 - 39 Years,6.4
1998,Total Unemployed Residents,40 - 44 Years,5.9
1998,Total Unemployed Residents,45 - 49 Years,5.5
1998,Total Unemployed Residents,50 - 54 Years,3.3
1998,Total Unemployed Residents,55 - 59 Years,2.1
1998,Total Unemployed Residents,60 - 64 Years,0.7
1998,Total Unemployed Residents,65 Years & Over,0.2
1998,Total Residents Outside The Labour Force,15 - 19 Years,185.7
1998,Total Residents Outside The Labour Force,20 - 24 Years,65.5
1998,Total Residents Outside The Labour Force,25 - 29 Years,32.8
1998,Total Residents Outside The Labour Force,30 - 34 Years,50.3
1998,Total Residents Outside The Labour Force,35 - 39 Years,61.1
1998,Total Residents Outside The Labour Force,40 - 44 Years,63.7
1998,Total Residents Outside The Labour Force,45 - 49 Years,59.2
1998,Total Residents Outside The Labour Force,50 - 54 Years,53.4
1998,Total Residents Outside The Labour Force,55 - 59 Years,61.6
1998,Total Residents Outside The Labour Force,60 - 64 Years,70.4
1998,Total Residents Outside The Labour Force,65 Years & Over,199.6
1999,Total Residents In The Labour Force,15 - 19 Years,34.2
1999,Total Residents In The Labour Force,20 - 24 Years,143
1999,Total Residents In The Labour Force,25 - 29 Years,224.7
1999,Total Residents In The Labour Force,30 - 34 Years,245.8
1999,Total Residents In The Labour Force,35 - 39 Years,246
1999,Total Residents In The Labour Force,40 - 44 Years,236.6
1999,Total Residents In The Labour Force,45 - 49 Years,197
1999,Total Residents In The Labour Force,50 - 54 Years,129.3
1999,Total Residents In The Labour Force,55 - 59 Years,71.4
1999,Total Residents In The Labour Force,60 - 64 Years,39.5
1999,Total Residents In The Labour Force,65 Years & Over,28.4
1999,Total Employed Residents,15 - 19 Years,30.6
1999,Total Employed Residents,20 - 24 Years,129.6
1999,Total Employed Residents,25 - 29 Years,214.2
1999,Total Employed Residents,30 - 34 Years,236.8
1999,Total Employed Residents,35 - 39 Years,236.7
1999,Total Employed Residents,40 - 44 Years,226.3
1999,Total Employed Residents,45 - 49 Years,187.2
1999,Total Employed Residents,50 - 54 Years,123.9
1999,Total Employed Residents,55 - 59 Years,68.3
1999,Total Employed Residents,60 - 64 Years,37.7
1999,Total Employed Residents,65 Years & Over,27.1
1999,Total Unemployed Residents,15 - 19 Years,3.6
1999,Total Unemployed Residents,20 - 24 Years,13.4
1999,Total Unemployed Residents,25 - 29 Years,10.5
1999,Total Unemployed Residents,30 - 34 Years,9
1999,Total Unemployed Residents,35 - 39 Years,9.3
1999,Total Unemployed Residents,40 - 44 Years,10.3
1999,Total Unemployed Residents,45 - 49 Years,9.8
1999,Total Unemployed Residents,50 - 54 Years,5.4
1999,Total Unemployed Residents,55 - 59 Years,3.1
1999,Total Unemployed Residents,60 - 64 Years,1.8
1999,Total Unemployed Residents,65 Years & Over,1.2
1999,Total Residents Outside The Labour Force,15 - 19 Years,178.3
1999,Total Residents Outside The Labour Force,20 - 24 Years,59.2
1999,Total Residents Outside The Labour Force,25 - 29 Years,33.3
1999,Total Residents Outside The Labour Force,30 - 34 Years,48.8
1999,Total Residents Outside The Labour Force,35 - 39 Years,64.2
1999,Total Residents Outside The Labour Force,40 - 44 Years,63.8
1999,Total Residents Outside The Labour Force,45 - 49 Years,54.9
1999,Total Residents Outside The Labour Force,50 - 54 Years,56.8
1999,Total Residents Outside The Labour Force,55 - 59 Years,60.5
1999,Total Residents Outside The Labour Force,60 - 64 Years,73.9
1999,Total Residents Outside The Labour Force,65 Years & Over,200.6
2000,Total Residents In The Labour Force,15 - 19 Years,29.5
2000,Total Residents In The Labour Force,20 - 24 Years,132.8
2000,Total Residents In The Labour Force,25 - 29 Years,225.8
2000,Total Residents In The Labour Force,30 - 34 Years,234.8
2000,Total Residents In The Labour Force,35 - 39 Years,248.1
2000,Total Residents In The Labour Force,40 - 44 Years,239.7
2000,Total Residents In The Labour Force,45 - 49 Years,197.5
2000,Total Residents In The Labour Force,50 - 54 Years,141.6
2000,Total Residents In The Labour Force,55 - 59 Years,65.5
2000,Total Residents In The Labour Force,60 - 64 Years,36.3
2000,Total Residents In The Labour Force,65 Years & Over,24.9
2000,Total Employed Residents,15 - 19 Years,26
2000,Total Employed Residents,20 - 24 Years,122.1
2000,Total Employed Residents,25 - 29 Years,212.2
2000,Total Employed Residents,30 - 34 Years,222.9
2000,Total Employed Residents,35 - 39 Years,235.2
2000,Total Employed Residents,40 - 44 Years,225.7
2000,Total Employed Residents,45 - 49 Years,185.5
2000,Total Employed Residents,50 - 54 Years,132.7
2000,Total Employed Residents,55 - 59 Years,61.8
2000,Total Employed Residents,60 - 64 Years,34.4
2000,Total Employed Residents,65 Years & Over,24.2
2000,Total Unemployed Residents,15 - 19 Years,3.5
2000,Total Unemployed Residents,20 - 24 Years,10.8
2000,Total Unemployed Residents,25 - 29 Years,13.6
2000,Total Unemployed Residents,30 - 34 Years,11.9
2000,Total Unemployed Residents,35 - 39 Years,12.9
2000,Total Unemployed Residents,40 - 44 Years,14
2000,Total Unemployed Residents,45 - 49 Years,12
2000,Total Unemployed Residents,50 - 54 Years,9
2000,Total Unemployed Residents,55 - 59 Years,3.7
2000,Total Unemployed Residents,60 - 64 Years,1.9
2000,Total Unemployed Residents,65 Years & Over,0.7
2000,Total Residents Outside The Labour Force,15 - 19 Years,182
2000,Total Residents Outside The Labour Force,20 - 24 Years,68.5
2000,Total Residents Outside The Labour Force,25 - 29 Years,30.9
2000,Total Residents Outside The Labour Force,30 - 34 Years,45.6
2000,Total Residents Outside The Labour Force,35 - 39 Years,63
2000,Total Residents Outside The Labour Force,40 - 44 Years,65
2000,Total Residents Outside The Labour Force,45 - 49 Years,59.4
2000,Total Residents Outside The Labour Force,50 - 54 Years,63.3
2000,Total Residents Outside The Labour Force,55 - 59 Years,59.5
2000,Total Residents Outside The Labour Force,60 - 64 Years,74.4
2000,Total Residents Outside The Labour Force,65 Years & Over,206.4
2001,Total Residents In The Labour Force,15 - 19 Years,34.5
2001,Total Residents In The Labour Force,20 - 24 Years,140.1
2001,Total Residents In The Labour Force,25 - 29 Years,218.9
2001,Total Residents In The Labour Force,30 - 34 Years,234.7
2001,Total Residents In The Labour Force,35 - 39 Years,256.3
2001,Total Residents In The Labour Force,40 - 44 Years,249.9
2001,Total Residents In The Labour Force,45 - 49 Years,211.3
2001,Total Residents In The Labour Force,50 - 54 Years,159.6
2001,Total Residents In The Labour Force,55 - 59 Years,67.2
2001,Total Residents In The Labour Force,60 - 64 Years,43.3
2001,Total Residents In The Labour Force,65 Years & Over,28.6
2001,Total Employed Residents,15 - 19 Years,30.6
2001,Total Employed Residents,20 - 24 Years,130.4
2001,Total Employed Residents,25 - 29 Years,209.7
2001,Total Employed Residents,30 - 34 Years,228.2
2001,Total Employed Residents,35 - 39 Years,248.2
2001,Total Employed Residents,40 - 44 Years,242.2
2001,Total Employed Residents,45 - 49 Years,203.3
2001,Total Employed Residents,50 - 54 Years,154.5
2001,Total Employed Residents,55 - 59 Years,64.8
2001,Total Employed Residents,60 - 64 Years,42.3
2001,Total Employed Residents,65 Years & Over,28.2
2001,Total Unemployed Residents,15 - 19 Years,3.8
2001,Total Unemployed Residents,20 - 24 Years,9.7
2001,Total Unemployed Residents,25 - 29 Years,9.2
2001,Total Unemployed Residents,30 - 34 Years,6.5
2001,Total Unemployed Residents,35 - 39 Years,8.1
2001,Total Unemployed Residents,40 - 44 Years,7.7
2001,Total Unemployed Residents,45 - 49 Years,8
2001,Total Unemployed Residents,50 - 54 Years,5.1
2001,Total Unemployed Residents,55 - 59 Years,2.4
2001,Total Unemployed Residents,60 - 64 Years,1
2001,Total Unemployed Residents,65 Years & Over,0.4
2001,Total Residents Outside The Labour Force,15 - 19 Years,183.4
2001,Total Residents Outside The Labour Force,20 - 24 Years,63.2
2001,Total Residents Outside The Labour Force,25 - 29 Years,28.5
2001,Total Residents Outside The Labour Force,30 - 34 Years,44.1
2001,Total Residents Outside The Labour Force,35 - 39 Years,62.7
2001,Total Residents Outside The Labour Force,40 - 44 Years,62
2001,Total Residents Outside The Labour Force,45 - 49 Years,56.6
2001,Total Residents Outside The Labour Force,50 - 54 Years,63.8
2001,Total Residents Outside The Labour Force,55 - 59 Years,53.8
2001,Total Residents Outside The Labour Force,60 - 64 Years,78.3
2001,Total Residents Outside The Labour Force,65 Years & Over,213.3
2002,Total Residents In The Labour Force,15 - 19 Years,25
2002,Total Residents In The Labour Force,20 - 24 Years,133.2
2002,Total Residents In The Labour Force,25 - 29 Years,210.4
2002,Total Residents In The Labour Force,30 - 34 Years,237.8
2002,Total Residents In The Labour Force,35 - 39 Years,256.9
2002,Total Residents In The Labour Force,40 - 44 Years,251.5
2002,Total Residents In The Labour Force,45 - 49 Years,220.2
2002,Total Residents In The Labour Force,50 - 54 Years,170.4
2002,Total Residents In The Labour Force,55 - 59 Years,88.1
2002,Total Residents In The Labour Force,60 - 64 Years,45.2
2002,Total Residents In The Labour Force,65 Years & Over,29.4
2002,Total Employed Residents,15 - 19 Years,22.1
2002,Total Employed Residents,20 - 24 Years,118.3
2002,Total Employed Residents,25 - 29 Years,197.9
2002,Total Employed Residents,30 - 34 Years,228.3
2002,Total Employed Residents,35 - 39 Years,245.2
2002,Total Employed Residents,40 - 44 Years,239.3
2002,Total Employed Residents,45 - 49 Years,207.4
2002,Total Employed Residents,50 - 54 Years,160.6
2002,Total Employed Residents,55 - 59 Years,83.1
2002,Total Employed Residents,60 - 64 Years,43.2
2002,Total Employed Residents,65 Years & Over,28.3
2002,Total Unemployed Residents,15 - 19 Years,2.9
2002,Total Unemployed Residents,20 - 24 Years,14.9
2002,Total Unemployed Residents,25 - 29 Years,12.5
2002,Total Unemployed Residents,30 - 34 Years,9.5
2002,Total Unemployed Residents,35 - 39 Years,11.7
2002,Total Unemployed Residents,40 - 44 Years,12.2
2002,Total Unemployed Residents,45 - 49 Years,12.8
2002,Total Unemployed Residents,50 - 54 Years,9.7
2002,Total Unemployed Residents,55 - 59 Years,4.9
2002,Total Unemployed Residents,60 - 64 Years,2.1
2002,Total Unemployed Residents,65 Years & Over,1.1
2002,Total Residents Outside The Labour Force,15 - 19 Years,186.2
2002,Total Residents Outside The Labour Force,20 - 24 Years,71.1
2002,Total Residents Outside The Labour Force,25 - 29 Years,28.9
2002,Total Residents Outside The Labour Force,30 - 34 Years,44.1
2002,Total Residents Outside The Labour Force,35 - 39 Years,63.3
2002,Total Residents Outside The Labour Force,40 - 44 Years,62.5
2002,Total Residents Outside The Labour Force,45 - 49 Years,61.3
2002,Total Residents Outside The Labour Force,50 - 54 Years,64.7
2002,Total Residents Outside The Labour Force,55 - 59 Years,62
2002,Total Residents Outside The Labour Force,60 - 64 Years,82.5
2002,Total Residents Outside The Labour Force,65 Years & Over,226.7
2003,Total Residents In The Labour Force,15 - 19 Years,25.6
2003,Total Residents In The Labour Force,20 - 24 Years,136.4
2003,Total Residents In The Labour Force,25 - 29 Years,212.2
2003,Total Residents In The Labour Force,30 - 34 Years,247.1
2003,Total Residents In The Labour Force,35 - 39 Years,252.2
2003,Total Residents In The Labour Force,40 - 44 Years,252.2
2003,Total Residents In The Labour Force,45 - 49 Years,228
2003,Total Residents In The Labour Force,50 - 54 Years,177.9
2003,Total Residents In The Labour Force,55 - 59 Years,98
2003,Total Residents In The Labour Force,60 - 64 Years,45.2
2003,Total Residents In The Labour Force,65 Years & Over,31.5
2003,Total Employed Residents,15 - 19 Years,23.3
2003,Total Employed Residents,20 - 24 Years,122.3
2003,Total Employed Residents,25 - 29 Years,198
2003,Total Employed Residents,30 - 34 Years,233.3
2003,Total Employed Residents,35 - 39 Years,239.1
2003,Total Employed Residents,40 - 44 Years,238.6
2003,Total Employed Residents,45 - 49 Years,215.9
2003,Total Employed Residents,50 - 54 Years,167.5
2003,Total Employed Residents,55 - 59 Years,92.9
2003,Total Employed Residents,60 - 64 Years,43.9
2003,Total Employed Residents,65 Years & Over,30.6
2003,Total Unemployed Residents,15 - 19 Years,2.3
2003,Total Unemployed Residents,20 - 24 Years,14.2
2003,Total Unemployed Residents,25 - 29 Years,14.2
2003,Total Unemployed Residents,30 - 34 Years,13.8
2003,Total Unemployed Residents,35 - 39 Years,13.1
2003,Total Unemployed Residents,40 - 44 Years,13.6
2003,Total Unemployed Residents,45 - 49 Years,12.1
2003,Total Unemployed Residents,50 - 54 Years,10.4
2003,Total Unemployed Residents,55 - 59 Years,5.1
2003,Total Unemployed Residents,60 - 64 Years,1.4
2003,Total Unemployed Residents,65 Years & Over,0.9
2003,Total Residents Outside The Labour Force,15 - 19 Years,197.7
2003,Total Residents Outside The Labour Force,20 - 24 Years,66.8
2003,Total Residents Outside The Labour Force,25 - 29 Years,27
2003,Total Residents Outside The Labour Force,30 - 34 Years,41
2003,Total Residents Outside The Labour Force,35 - 39 Years,56.7
2003,Total Residents Outside The Labour Force,40 - 44 Years,62.7
2003,Total Residents Outside The Labour Force,45 - 49 Years,65.9
2003,Total Residents Outside The Labour Force,50 - 54 Years,65.5
2003,Total Residents Outside The Labour Force,55 - 59 Years,72.5
2003,Total Residents Outside The Labour Force,60 - 64 Years,87.2
2003,Total Residents Outside The Labour Force,65 Years & Over,248.7
2004,Total Residents In The Labour Force,15 - 19 Years,28.4
2004,Total Residents In The Labour Force,20 - 24 Years,142.1
2004,Total Residents In The Labour Force,25 - 29 Years,208.5
2004,Total Residents In The Labour Force,30 - 34 Years,242.5
2004,Total Residents In The Labour Force,35 - 39 Years,240.2
2004,Total Residents In The Labour Force,40 - 44 Years,260.7
2004,Total Residents In The Labour Force,45 - 49 Years,240
2004,Total Residents In The Labour Force,50 - 54 Years,183.8
2004,Total Residents In The Labour Force,55 - 59 Years,112.5
2004,Total Residents In The Labour Force,60 - 64 Years,44.9
2004,Total Residents In The Labour Force,65 Years & Over,29.7
2004,Total Employed Residents,15 - 19 Years,25.1
2004,Total Employed Residents,20 - 24 Years,127
2004,Total Employed Residents,25 - 29 Years,193.9
2004,Total Employed Residents,30 - 34 Years,232.4
2004,Total Employed Residents,35 - 39 Years,229.1
2004,Total Employed Residents,40 - 44 Years,246.8
2004,Total Employed Residents,45 - 49 Years,226.8
2004,Total Employed Residents,50 - 54 Years,172.8
2004,Total Employed Residents,55 - 59 Years,106.4
2004,Total Employed Residents,60 - 64 Years,43
2004,Total Employed Residents,65 Years & Over,28.7
2004,Total Unemployed Residents,15 - 19 Years,3.3
2004,Total Unemployed Residents,20 - 24 Years,15.2
2004,Total Unemployed Residents,25 - 29 Years,14.5
2004,Total Unemployed Residents,30 - 34 Years,10.1
2004,Total Unemployed Residents,35 - 39 Years,11.1
2004,Total Unemployed Residents,40 - 44 Years,13.9
2004,Total Unemployed Residents,45 - 49 Years,13.1
2004,Total Unemployed Residents,50 - 54 Years,11.1
2004,Total Unemployed Residents,55 - 59 Years,6.1
2004,Total Unemployed Residents,60 - 64 Years,1.9
2004,Total Unemployed Residents,65 Years & Over,1
2004,Total Residents Outside The Labour Force,15 - 19 Years,207.1
2004,Total Residents Outside The Labour Force,20 - 24 Years,70.3
2004,Total Residents Outside The Labour Force,25 - 29 Years,28.8
2004,Total Residents Outside The Labour Force,30 - 34 Years,40.7
2004,Total Residents Outside The Labour Force,35 - 39 Years,52.5
2004,Total Residents Outside The Labour Force,40 - 44 Years,62.1
2004,Total Residents Outside The Labour Force,45 - 49 Years,63
2004,Total Residents Outside The Labour Force,50 - 54 Years,66.7
2004,Total Residents Outside The Labour Force,55 - 59 Years,77.8
2004,Total Residents Outside The Labour Force,60 - 64 Years,83
2004,Total Residents Outside The Labour Force,65 Years & Over,254.5
2005,Total Residents In The Labour Force,15 - 19 Years,23.5
2005,Total Residents In The Labour Force,20 - 24 Years,130.2
2005,Total Residents In The Labour Force,25 - 29 Years,214.9
2005,Total Residents In The Labour Force,30 - 34 Years,250.5
2005,Total Residents In The Labour Force,35 - 39 Years,250.9
2005,Total Residents In The Labour Force,40 - 44 Years,259.6
2005,Total Residents In The Labour Force,45 - 49 Years,236.9
2005,Total Residents In The Labour Force,50 - 54 Years,185.8
2005,Total Residents In The Labour Force,55 - 59 Years,116.3
2005,Total Residents In The Labour Force,60 - 64 Years,44
2005,Total Residents In The Labour Force,65 Years & Over,32.4
2005,Total Employed Residents,15 - 19 Years,20.3
2005,Total Employed Residents,20 - 24 Years,118.2
2005,Total Employed Residents,25 - 29 Years,202.3
2005,Total Employed Residents,30 - 34 Years,239.5
2005,Total Employed Residents,35 - 39 Years,239.4
2005,Total Employed Residents,40 - 44 Years,247.3
2005,Total Employed Residents,45 - 49 Years,224.1
2005,Total Employed Residents,50 - 54 Years,175.1
2005,Total Employed Residents,55 - 59 Years,109.1
2005,Total Employed Residents,60 - 64 Years,41.2
2005,Total Employed Residents,65 Years & Over,30.7
2005,Total Unemployed Residents,15 - 19 Years,3.2
2005,Total Unemployed Residents,20 - 24 Years,12
2005,Total Unemployed Residents,25 - 29 Years,12.5
2005,Total Unemployed Residents,30 - 34 Years,10.9
2005,Total Unemployed Residents,35 - 39 Years,11.4
2005,Total Unemployed Residents,40 - 44 Years,12.3
2005,Total Unemployed Residents,45 - 49 Years,12.8
2005,Total Unemployed Residents,50 - 54 Years,10.7
2005,Total Unemployed Residents,55 - 59 Years,7.2
2005,Total Unemployed Residents,60 - 64 Years,2.8
2005,Total Unemployed Residents,65 Years & Over,1.7
2005,Total Residents Outside The Labour Force,15 - 19 Years,215.9
2005,Total Residents Outside The Labour Force,20 - 24 Years,80.7
2005,Total Residents Outside The Labour Force,25 - 29 Years,29.5
2005,Total Residents Outside The Labour Force,30 - 34 Years,39
2005,Total Residents Outside The Labour Force,35 - 39 Years,52.7
2005,Total Residents Outside The Labour Force,40 - 44 Years,60.2
2005,Total Residents Outside The Labour Force,45 - 49 Years,63.6
2005,Total Residents Outside The Labour Force,50 - 54 Years,71
2005,Total Residents Outside The Labour Force,55 - 59 Years,84.9
2005,Total Residents Outside The Labour Force,60 - 64 Years,76.1
2005,Total Residents Outside The Labour Force,65 Years & Over,251.9
2006,Total Residents In The Labour Force,15 - 19 Years,32
2006,Total Residents In The Labour Force,20 - 24 Years,152.7
2006,Total Residents In The Labour Force,25 - 29 Years,212.2
2006,Total Residents In The Labour Force,30 - 34 Years,246.9
2006,Total Residents In The Labour Force,35 - 39 Years,250.8
2006,Total Residents In The Labour Force,40 - 44 Years,265.6
2006,Total Residents In The Labour Force,45 - 49 Years,262.7
2006,Total Residents In The Labour Force,50 - 54 Years,212
2006,Total Residents In The Labour Force,55 - 59 Years,142.3
2006,Total Residents In The Labour Force,60 - 64 Years,57.4
2006,Total Residents In The Labour Force,65 Years & Over,46.1
2006,Total Employed Residents,15 - 19 Years,28.8
2006,Total Employed Residents,20 - 24 Years,139.6
2006,Total Employed Residents,25 - 29 Years,201.9
2006,Total Employed Residents,30 - 34 Years,237.7
2006,Total Employed Residents,35 - 39 Years,241.4
2006,Total Employed Residents,40 - 44 Years,256.1
2006,Total Employed Residents,45 - 49 Years,253
2006,Total Employed Residents,50 - 54 Years,203.2
2006,Total Employed Residents,55 - 59 Years,135.8
2006,Total Employed Residents,60 - 64 Years,54.8
2006,Total Employed Residents,65 Years & Over,44.4
2006,Total Unemployed Residents,15 - 19 Years,3.2
2006,Total Unemployed Residents,20 - 24 Years,13.2
2006,Total Unemployed Residents,25 - 29 Years,10.4
2006,Total Unemployed Residents,30 - 34 Years,9.1
2006,Total Unemployed Residents,35 - 39 Years,9.5
2006,Total Unemployed Residents,40 - 44 Years,9.6
2006,Total Unemployed Residents,45 - 49 Years,9.7
2006,Total Unemployed Residents,50 - 54 Years,8.8
2006,Total Unemployed Residents,55 - 59 Years,6.4
2006,Total Unemployed Residents,60 - 64 Years,2.6
2006,Total Unemployed Residents,65 Years & Over,1.7
2006,Total Residents Outside The Labour Force,15 - 19 Years,226.8
2006,Total Residents Outside The Labour Force,20 - 24 Years,63.2
2006,Total Residents Outside The Labour Force,25 - 29 Years,26.3
2006,Total Residents Outside The Labour Force,30 - 34 Years,36.3
2006,Total Residents Outside The Labour Force,35 - 39 Years,48.3
2006,Total Residents Outside The Labour Force,40 - 44 Years,56.3
2006,Total Residents Outside The Labour Force,45 - 49 Years,60
2006,Total Residents Outside The Labour Force,50 - 54 Years,64
2006,Total Residents Outside The Labour Force,55 - 59 Years,81.7
2006,Total Residents Outside The Labour Force,60 - 64 Years,73.5
2006,Total Residents Outside The Labour Force,65 Years & Over,275.4
2007,Total Residents In The Labour Force,15 - 19 Years,36.6
2007,Total Residents In The Labour Force,20 - 24 Years,140.6
2007,Total Residents In The Labour Force,25 - 29 Years,209.9
2007,Total Residents In The Labour Force,30 - 34 Years,245
2007,Total Residents In The Labour Force,35 - 39 Years,249.6
2007,Total Residents In The Labour Force,40 - 44 Years,257.3
2007,Total Residents In The Labour Force,45 - 49 Years,258.1
2007,Total Residents In The Labour Force,50 - 54 Years,217.4
2007,Total Residents In The Labour Force,55 - 59 Years,149.7
2007,Total Residents In The Labour Force,60 - 64 Years,66.5
2007,Total Residents In The Labour Force,65 Years & Over,47.5
2007,Total Employed Residents,15 - 19 Years,33.4
2007,Total Employed Residents,20 - 24 Years,128.1
2007,Total Employed Residents,25 - 29 Years,199.9
2007,Total Employed Residents,30 - 34 Years,237.8
2007,Total Employed Residents,35 - 39 Years,241.7
2007,Total Employed Residents,40 - 44 Years,249.4
2007,Total Employed Residents,45 - 49 Years,249.5
2007,Total Employed Residents,50 - 54 Years,209.9
2007,Total Employed Residents,55 - 59 Years,143.5
2007,Total Employed Residents,60 - 64 Years,63.9
2007,Total Employed Residents,65 Years & Over,46.2
2007,Total Unemployed Residents,15 - 19 Years,3.2
2007,Total Unemployed Residents,20 - 24 Years,12.6
2007,Total Unemployed Residents,25 - 29 Years,10
2007,Total Unemployed Residents,30 - 34 Years,7.2
2007,Total Unemployed Residents,35 - 39 Years,7.9
2007,Total Unemployed Residents,40 - 44 Years,7.9
2007,Total Unemployed Residents,45 - 49 Years,8.5
2007,Total Unemployed Residents,50 - 54 Years,7.5
2007,Total Unemployed Residents,55 - 59 Years,6.2
2007,Total Unemployed Residents,60 - 64 Years,2.6
2007,Total Unemployed Residents,65 Years & Over,1.3
2007,Total Residents Outside The Labour Force,15 - 19 Years,232.7
2007,Total Residents Outside The Labour Force,20 - 24 Years,70.6
2007,Total Residents Outside The Labour Force,25 - 29 Years,23.2
2007,Total Residents Outside The Labour Force,30 - 34 Years,33.7
2007,Total Residents Outside The Labour Force,35 - 39 Years,45.3
2007,Total Residents Outside The Labour Force,40 - 44 Years,53
2007,Total Residents Outside The Labour Force,45 - 49 Years,61.1
2007,Total Residents Outside The Labour Force,50 - 54 Years,63.9
2007,Total Residents Outside The Labour Force,55 - 59 Years,77.1
2007,Total Residents Outside The Labour Force,60 - 64 Years,75.8
2007,Total Residents Outside The Labour Force,65 Years & Over,272.8
2008,Total Residents In The Labour Force,15 - 19 Years,34.2
2008,Total Residents In The Labour Force,20 - 24 Years,147
2008,Total Residents In The Labour Force,25 - 29 Years,209.2
2008,Total Residents In The Labour Force,30 - 34 Years,242.9
2008,Total Residents In The Labour Force,35 - 39 Years,263.9
2008,Total Residents In The Labour Force,40 - 44 Years,262.1
2008,Total Residents In The Labour Force,45 - 49 Years,261.9
2008,Total Residents In The Labour Force,50 - 54 Years,224.9
2008,Total Residents In The Labour Force,55 - 59 Years,152
2008,Total Residents In The Labour Force,60 - 64 Years,78.2
2008,Total Residents In The Labour Force,65 Years & Over,52.1
2008,Total Employed Residents,15 - 19 Years,31.5
2008,Total Employed Residents,20 - 24 Years,133.1
2008,Total Employed Residents,25 - 29 Years,197.9
2008,Total Employed Residents,30 - 34 Years,235.3
2008,Total Employed Residents,35 - 39 Years,256.8
2008,Total Employed Residents,40 - 44 Years,253.6
2008,Total Employed Residents,45 - 49 Years,253.7
2008,Total Employed Residents,50 - 54 Years,217.7
2008,Total Employed Residents,55 - 59 Years,146.5
2008,Total Employed Residents,60 - 64 Years,75.6
2008,Total Employed Residents,65 Years & Over,50.3
2008,Total Unemployed Residents,15 - 19 Years,2.7
2008,Total Unemployed Residents,20 - 24 Years,13.9
2008,Total Unemployed Residents,25 - 29 Years,11.3
2008,Total Unemployed Residents,30 - 34 Years,7.6
2008,Total Unemployed Residents,35 - 39 Years,7
2008,Total Unemployed Residents,40 - 44 Years,8.5
2008,Total Unemployed Residents,45 - 49 Years,8.3
2008,Total Unemployed Residents,50 - 54 Years,7.2
2008,Total Unemployed Residents,55 - 59 Years,5.5
2008,Total Unemployed Residents,60 - 64 Years,2.6
2008,Total Unemployed Residents,65 Years & Over,1.7
2008,Total Residents Outside The Labour Force,15 - 19 Years,232.6
2008,Total Residents Outside The Labour Force,20 - 24 Years,74
2008,Total Residents Outside The Labour Force,25 - 29 Years,26.7
2008,Total Residents Outside The Labour Force,30 - 34 Years,31.2
2008,Total Residents Outside The Labour Force,35 - 39 Years,44.4
2008,Total Residents Outside The Labour Force,40 - 44 Years,52.4
2008,Total Residents Outside The Labour Force,45 - 49 Years,54.2
2008,Total Residents Outside The Labour Force,50 - 54 Years,65.2
2008,Total Residents Outside The Labour Force,55 - 59 Years,76.1
2008,Total Residents Outside The Labour Force,60 - 64 Years,82.1
2008,Total Residents Outside The Labour Force,65 Years & Over,271.7
2009,Total Residents In The Labour Force,15 - 19 Years,31.8
2009,Total Residents In The Labour Force,20 - 24 Years,146.3
2009,Total Residents In The Labour Force,25 - 29 Years,220.7
2009,Total Residents In The Labour Force,30 - 34 Years,248.3
2009,Total Residents In The Labour Force,35 - 39 Years,268.9
2009,Total Residents In The Labour Force,40 - 44 Years,263.2
2009,Total Residents In The Labour Force,45 - 49 Years,262
2009,Total Residents In The Labour Force,50 - 54 Years,233.2
2009,Total Residents In The Labour Force,55 - 59 Years,159.5
2009,Total Residents In The Labour Force,60 - 64 Years,92.1
2009,Total Residents In The Labour Force,65 Years & Over,59.9
2009,Total Employed Residents,15 - 19 Years,27.5
2009,Total Employed Residents,20 - 24 Years,127.5
2009,Total Employed Residents,25 - 29 Years,204.1
2009,Total Employed Residents,30 - 34 Years,237.3
2009,Total Employed Residents,35 - 39 Years,255.7
2009,Total Employed Residents,40 - 44 Years,251.2
2009,Total Employed Residents,45 - 49 Years,249.3
2009,Total Employed Residents,50 - 54 Years,221.9
2009,Total Employed Residents,55 - 59 Years,150.7
2009,Total Employed Residents,60 - 64 Years,87.1
2009,Total Employed Residents,65 Years & Over,57.1
2009,Total Unemployed Residents,15 - 19 Years,4.2
2009,Total Unemployed Residents,20 - 24 Years,18.8
2009,Total Unemployed Residents,25 - 29 Years,16.6
2009,Total Unemployed Residents,30 - 34 Years,10.9
2009,Total Unemployed Residents,35 - 39 Years,13.1
2009,Total Unemployed Residents,40 - 44 Years,12
2009,Total Unemployed Residents,45 - 49 Years,12.7
2009,Total Unemployed Residents,50 - 54 Years,11.3
2009,Total Unemployed Residents,55 - 59 Years,8.8
2009,Total Unemployed Residents,60 - 64 Years,5.1
2009,Total Unemployed Residents,65 Years & Over,2.8
2009,Total Residents Outside The Labour Force,15 - 19 Years,238.6
2009,Total Residents Outside The Labour Force,20 - 24 Years,83.9
2009,Total Residents Outside The Labour Force,25 - 29 Years,26.4
2009,Total Residents Outside The Labour Force,30 - 34 Years,33
2009,Total Residents Outside The Labour Force,35 - 39 Years,44.5
2009,Total Residents Outside The Labour Force,40 - 44 Years,48.7
2009,Total Residents Outside The Labour Force,45 - 49 Years,57.3
2009,Total Residents Outside The Labour Force,50 - 54 Years,65.2
2009,Total Residents Outside The Labour Force,55 - 59 Years,73.8
2009,Total Residents Outside The Labour Force,60 - 64 Years,89.9
2009,Total Residents Outside The Labour Force,65 Years & Over,287.6
2010,Total Residents In The Labour Force,15 - 19 Years,41.2
2010,Total Residents In The Labour Force,20 - 24 Years,157.6
2010,Total Residents In The Labour Force,25 - 29 Years,223.2
2010,Total Residents In The Labour Force,30 - 34 Years,254.7
2010,Total Residents In The Labour Force,35 - 39 Years,275
2010,Total Residents In The Labour Force,40 - 44 Years,254.4
2010,Total Residents In The Labour Force,45 - 49 Years,266.9
2010,Total Residents In The Labour Force,50 - 54 Years,235.7
2010,Total Residents In The Labour Force,55 - 59 Years,178.5
2010,Total Residents In The Labour Force,60 - 64 Years,98.7
2010,Total Residents In The Labour Force,65 Years & Over,61.6
2010,Total Employed Residents,15 - 19 Years,37
2010,Total Employed Residents,20 - 24 Years,142.1
2010,Total Employed Residents,25 - 29 Years,210.7
2010,Total Employed Residents,30 - 34 Years,245.7
2010,Total Employed Residents,35 - 39 Years,267.2
2010,Total Employed Residents,40 - 44 Years,246
2010,Total Employed Residents,45 - 49 Years,258.8
2010,Total Employed Residents,50 - 54 Years,227.4
2010,Total Employed Residents,55 - 59 Years,172.8
2010,Total Employed Residents,60 - 64 Years,95.5
2010,Total Employed Residents,65 Years & Over,59.7
2010,Total Unemployed Residents,15 - 19 Years,4.2
2010,Total Unemployed Residents,20 - 24 Years,15.4
2010,Total Unemployed Residents,25 - 29 Years,12.5
2010,Total Unemployed Residents,30 - 34 Years,9.1
2010,Total Unemployed Residents,35 - 39 Years,7.8
2010,Total Unemployed Residents,40 - 44 Years,8.4
2010,Total Unemployed Residents,45 - 49 Years,8.1
2010,Total Unemployed Residents,50 - 54 Years,8.2
2010,Total Unemployed Residents,55 - 59 Years,5.7
2010,Total Unemployed Residents,60 - 64 Years,3.2
2010,Total Unemployed Residents,65 Years & Over,1.8
2010,Total Residents Outside The Labour Force,15 - 19 Years,226.8
2010,Total Residents Outside The Labour Force,20 - 24 Years,82
2010,Total Residents Outside The Labour Force,25 - 29 Years,26.5
2010,Total Residents Outside The Labour Force,30 - 34 Years,31.4
2010,Total Residents Outside The Labour Force,35 - 39 Years,44.1
2010,Total Residents Outside The Labour Force,40 - 44 Years,47.1
2010,Total Residents Outside The Labour Force,45 - 49 Years,57
2010,Total Residents Outside The Labour Force,50 - 54 Years,64.2
2010,Total Residents Outside The Labour Force,55 - 59 Years,82.7
2010,Total Residents Outside The Labour Force,60 - 64 Years,94.8
2010,Total Residents Outside The Labour Force,65 Years & Over,287.6
2011,Total Residents In The Labour Force,15 - 19 Years,34.2
2011,Total Residents In The Labour Force,20 - 24 Years,162.1
2011,Total Residents In The Labour Force,25 - 29 Years,214.6
2011,Total Residents In The Labour Force,30 - 34 Years,249.4
2011,Total Residents In The Labour Force,35 - 39 Years,268.2
2011,Total Residents In The Labour Force,40 - 44 Years,256.9
2011,Total Residents In The Labour Force,45 - 49 Years,269.4
2011,Total Residents In The Labour Force,50 - 54 Years,246.9
2011,Total Residents In The Labour Force,55 - 59 Years,187.8
2011,Total Residents In The Labour Force,60 - 64 Years,114.5
2011,Total Residents In The Labour Force,65 Years & Over,76.3
2011,Total Employed Residents,15 - 19 Years,31
2011,Total Employed Residents,20 - 24 Years,147.2
2011,Total Employed Residents,25 - 29 Years,204.6
2011,Total Employed Residents,30 - 34 Years,241.3
2011,Total Employed Residents,35 - 39 Years,260.3
2011,Total Employed Residents,40 - 44 Years,249.4
2011,Total Employed Residents,45 - 49 Years,260.8
2011,Total Employed Residents,50 - 54 Years,238.4
2011,Total Employed Residents,55 - 59 Years,181.6
2011,Total Employed Residents,60 - 64 Years,110.3
2011,Total Employed Residents,65 Years & Over,73.8
2011,Total Unemployed Residents,15 - 19 Years,3.2
2011,Total Unemployed Residents,20 - 24 Years,14.9
2011,Total Unemployed Residents,25 - 29 Years,10
2011,Total Unemployed Residents,30 - 34 Years,8.1
2011,Total Unemployed Residents,35 - 39 Years,7.9
2011,Total Unemployed Residents,40 - 44 Years,7.4
2011,Total Unemployed Residents,45 - 49 Years,8.5
2011,Total Unemployed Residents,50 - 54 Years,8.4
2011,Total Unemployed Residents,55 - 59 Years,6.2
2011,Total Unemployed Residents,60 - 64 Years,4.1
2011,Total Unemployed Residents,65 Years & Over,2.3
2011,Total Residents Outside The Labour Force,15 - 19 Years,242.7
2011,Total Residents Outside The Labour Force,20 - 24 Years,95.9
2011,Total Residents Outside The Labour Force,25 - 29 Years,25.9
2011,Total Residents Outside The Labour Force,30 - 34 Years,32
2011,Total Residents Outside The Labour Force,35 - 39 Years,39.1
2011,Total Residents Outside The Labour Force,40 - 44 Years,45.7
2011,Total Residents Outside The Labour Force,45 - 49 Years,52.5
2011,Total Residents Outside The Labour Force,50 - 54 Years,62.7
2011,Total Residents Outside The Labour Force,55 - 59 Years,79.6
2011,Total Residents Outside The Labour Force,60 - 64 Years,95
2011,Total Residents Outside The Labour Force,65 Years & Over,297.5
2012,Total Residents In The Labour Force,15 - 19 Years,33.9
2012,Total Residents In The Labour Force,20 - 24 Years,171.3
2012,Total Residents In The Labour Force,25 - 29 Years,207.3
2012,Total Residents In The Labour Force,30 - 34 Years,245
2012,Total Residents In The Labour Force,35 - 39 Years,266.3
2012,Total Residents In The Labour Force,40 - 44 Years,265.6
2012,Total Residents In The Labour Force,45 - 49 Years,269.5
2012,Total Residents In The Labour Force,50 - 54 Years,249.2
2012,Total Residents In The Labour Force,55 - 59 Years,197
2012,Total Residents In The Labour Force,60 - 64 Years,127.7
2012,Total Residents In The Labour Force,65 Years & Over,86.8
2012,Total Employed Residents,15 - 19 Years,30.9
2012,Total Employed Residents,20 - 24 Years,156.1
2012,Total Employed Residents,25 - 29 Years,197.7
2012,Total Employed Residents,30 - 34 Years,238.3
2012,Total Employed Residents,35 - 39 Years,259
2012,Total Employed Residents,40 - 44 Years,258.4
2012,Total Employed Residents,45 - 49 Years,261.5
2012,Total Employed Residents,50 - 54 Years,241.2
2012,Total Employed Residents,55 - 59 Years,191.3
2012,Total Employed Residents,60 - 64 Years,123.4
2012,Total Employed Residents,65 Years & Over,83
2012,Total Unemployed Residents,15 - 19 Years,3
2012,Total Unemployed Residents,20 - 24 Years,15.2
2012,Total Unemployed Residents,25 - 29 Years,9.6
2012,Total Unemployed Residents,30 - 34 Years,6.7
2012,Total Unemployed Residents,35 - 39 Years,7.3
2012,Total Unemployed Residents,40 - 44 Years,7.2
2012,Total Unemployed Residents,45 - 49 Years,8
2012,Total Unemployed Residents,50 - 54 Years,8
2012,Total Unemployed Residents,55 - 59 Years,5.7
2012,Total Unemployed Residents,60 - 64 Years,4.3
2012,Total Unemployed Residents,65 Years & Over,3.8
2012,Total Residents Outside The Labour Force,15 - 19 Years,240
2012,Total Residents Outside The Labour Force,20 - 24 Years,98
2012,Total Residents Outside The Labour Force,25 - 29 Years,27.4
2012,Total Residents Outside The Labour Force,30 - 34 Years,27.9
2012,Total Residents Outside The Labour Force,35 - 39 Years,36.2
2012,Total Residents Outside The Labour Force,40 - 44 Years,45.3
2012,Total Residents Outside The Labour Force,45 - 49 Years,50
2012,Total Residents Outside The Labour Force,50 - 54 Years,64.1
2012,Total Residents Outside The Labour Force,55 - 59 Years,75.1
2012,Total Residents Outside The Labour Force,60 - 64 Years,92
2012,Total Residents Outside The Labour Force,65 Years & Over,307.3
2013,Total Residents In The Labour Force,15 - 19 Years,31.3
2013,Total Residents In The Labour Force,20 - 24 Years,157.1
2013,Total Residents In The Labour Force,25 - 29 Years,209.7
2013,Total Residents In The Labour Force,30 - 34 Years,248.6
2013,Total Residents In The Labour Force,35 - 39 Years,262.3
2013,Total Residents In The Labour Force,40 - 44 Years,266.3
2013,Total Residents In The Labour Force,45 - 49 Years,266.3
2013,Total Residents In The Labour Force,50 - 54 Years,255.2
2013,Total Residents In The Labour Force,55 - 59 Years,205.3
2013,Total Residents In The Labour Force,60 - 64 Years,136.9
2013,Total Residents In The Labour Force,65 Years & Over,99.9
2013,Total Employed Residents,15 - 19 Years,28.9
2013,Total Employed Residents,20 - 24 Years,141.9
2013,Total Employed Residents,25 - 29 Years,198.3
2013,Total Employed Residents,30 - 34 Years,241
2013,Total Employed Residents,35 - 39 Years,253.8
2013,Total Employed Residents,40 - 44 Years,258.5
2013,Total Employed Residents,45 - 49 Years,258.3
2013,Total Employed Residents,50 - 54 Years,248
2013,Total Employed Residents,55 - 59 Years,199.1
2013,Total Employed Residents,60 - 64 Years,132.2
2013,Total Employed Residents,65 Years & Over,96.1
2013,Total Unemployed Residents,15 - 19 Years,2.4
2013,Total Unemployed Residents,20 - 24 Years,15.2
2013,Total Unemployed Residents,25 - 29 Years,11.4
2013,Total Unemployed Residents,30 - 34 Years,7.6
2013,Total Unemployed Residents,35 - 39 Years,8.6
2013,Total Unemployed Residents,40 - 44 Years,7.8
2013,Total Unemployed Residents,45 - 49 Years,8
2013,Total Unemployed Residents,50 - 54 Years,7.2
2013,Total Unemployed Residents,55 - 59 Years,6.1
2013,Total Unemployed Residents,60 - 64 Years,4.6
2013,Total Unemployed Residents,65 Years & Over,3.7
2013,Total Residents Outside The Labour Force,15 - 19 Years,234.7
2013,Total Residents Outside The Labour Force,20 - 24 Years,97.6
2013,Total Residents Outside The Labour Force,25 - 29 Years,27.2
2013,Total Residents Outside The Labour Force,30 - 34 Years,27.4
2013,Total Residents Outside The Labour Force,35 - 39 Years,35.7
2013,Total Residents Outside The Labour Force,40 - 44 Years,44.5
2013,Total Residents Outside The Labour Force,45 - 49 Years,49
2013,Total Residents Outside The Labour Force,50 - 54 Years,63.8
2013,Total Residents Outside The Labour Force,55 - 59 Years,75.1
2013,Total Residents Outside The Labour Force,60 - 64 Years,92.5
2013,Total Residents Outside The Labour Force,65 Years & Over,319.7
2014,Total Residents In The Labour Force,15 - 19 Years,31
2014,Total Residents In The Labour Force,20 - 24 Years,161.2
2014,Total Residents In The Labour Force,25 - 29 Years,217.6
2014,Total Residents In The Labour Force,30 - 34 Years,250.1
2014,Total Residents In The Labour Force,35 - 39 Years,256.2
2014,Total Residents In The Labour Force,40 - 44 Years,265.9
2014,Total Residents In The Labour Force,45 - 49 Years,253
2014,Total Residents In The Labour Force,50 - 54 Years,260.5
2014,Total Residents In The Labour Force,55 - 59 Years,220.3
2014,Total Residents In The Labour Force,60 - 64 Years,150.7
2014,Total Residents In The Labour Force,65 Years & Over,118.7
2014,Total Employed Residents,15 - 19 Years,28.5
2014,Total Employed Residents,20 - 24 Years,146.8
2014,Total Employed Residents,25 - 29 Years,204.9
2014,Total Employed Residents,30 - 34 Years,242.1
2014,Total Employed Residents,35 - 39 Years,248.6
2014,Total Employed Residents,40 - 44 Years,257.2
2014,Total Employed Residents,45 - 49 Years,245.9
2014,Total Employed Residents,50 - 54 Years,254.6
2014,Total Employed Residents,55 - 59 Years,213.9
2014,Total Employed Residents,60 - 64 Years,146.1
2014,Total Employed Residents,65 Years & Over,114.7
2014,Total Unemployed Residents,15 - 19 Years,2.4
2014,Total Unemployed Residents,20 - 24 Years,14.5
2014,Total Unemployed Residents,25 - 29 Years,12.7
2014,Total Unemployed Residents,30 - 34 Years,8
2014,Total Unemployed Residents,35 - 39 Years,7.5
2014,Total Unemployed Residents,40 - 44 Years,8.7
2014,Total Unemployed Residents,45 - 49 Years,7.1
2014,Total Unemployed Residents,50 - 54 Years,5.9
2014,Total Unemployed Residents,55 - 59 Years,6.4
2014,Total Unemployed Residents,60 - 64 Years,4.6
2014,Total Unemployed Residents,65 Years & Over,4
2014,Total Residents Outside The Labour Force,15 - 19 Years,219.9
2014,Total Residents Outside The Labour Force,20 - 24 Years,99.7
2014,Total Residents Outside The Labour Force,25 - 29 Years,27
2014,Total Residents Outside The Labour Force,30 - 34 Years,28
2014,Total Residents Outside The Labour Force,35 - 39 Years,32.4
2014,Total Residents Outside The Labour Force,40 - 44 Years,39.4
2014,Total Residents Outside The Labour Force,45 - 49 Years,45.8
2014,Total Residents Outside The Labour Force,50 - 54 Years,57.9
2014,Total Residents Outside The Labour Force,55 - 59 Years,76.2
2014,Total Residents Outside The Labour Force,60 - 64 Years,95.5
2014,Total Residents Outside The Labour Force,65 Years & Over,352.9
2015,Total Residents In The Labour Force,15 - 19 Years,40.2
2015,Total Residents In The Labour Force,20 - 24 Years,166.2
2015,Total Residents In The Labour Force,25 - 29 Years,219.4
2015,Total Residents In The Labour Force,30 - 34 Years,243.7
2015,Total Residents In The Labour Force,35 - 39 Years,266.8
2015,Total Residents In The Labour Force,40 - 44 Years,276
2015,Total Residents In The Labour Force,45 - 49 Years,258.6
2015,Total Residents In The Labour Force,50 - 54 Years,262.6
2015,Total Residents In The Labour Force,55 - 59 Years,223.7
2015,Total Residents In The Labour Force,60 - 64 Years,154.7
2015,Total Residents In The Labour Force,65 Years & Over,120.3
2015,Total Employed Residents,15 - 19 Years,36.9
2015,Total Employed Residents,20 - 24 Years,150.2
2015,Total Employed Residents,25 - 29 Years,208
2015,Total Employed Residents,30 - 34 Years,236.3
2015,Total Employed Residents,35 - 39 Years,261
2015,Total Employed Residents,40 - 44 Years,268.3
2015,Total Employed Residents,45 - 49 Years,251
2015,Total Employed Residents,50 - 54 Years,255.4
2015,Total Employed Residents,55 - 59 Years,216.4
2015,Total Employed Residents,60 - 64 Years,149.2
2015,Total Employed Residents,65 Years & Over,115.3
2015,Total Unemployed Residents,15 - 19 Years,3.3
2015,Total Unemployed Residents,20 - 24 Years,16
2015,Total Unemployed Residents,25 - 29 Years,11.4
2015,Total Unemployed Residents,30 - 34 Years,7.4
2015,Total Unemployed Residents,35 - 39 Years,5.8
2015,Total Unemployed Residents,40 - 44 Years,7.7
2015,Total Unemployed Residents,45 - 49 Years,7.6
2015,Total Unemployed Residents,50 - 54 Years,7.3
2015,Total Unemployed Residents,55 - 59 Years,7.4
2015,Total Unemployed Residents,60 - 64 Years,5.6
2015,Total Unemployed Residents,65 Years & Over,5
2015,Total Residents Outside The Labour Force,15 - 19 Years,213.9
2015,Total Residents Outside The Labour Force,20 - 24 Years,88.3
2015,Total Residents Outside The Labour Force,25 - 29 Years,23.7
2015,Total Residents Outside The Labour Force,30 - 34 Years,26.4
2015,Total Residents Outside The Labour Force,35 - 39 Years,32.6
2015,Total Residents Outside The Labour Force,40 - 44 Years,39
2015,Total Residents Outside The Labour Force,45 - 49 Years,42.5
2015,Total Residents Outside The Labour Force,50 - 54 Years,56.3
2015,Total Residents Outside The Labour Force,55 - 59 Years,72.4
2015,Total Residents Outside The Labour Force,60 - 64 Years,93.3
2015,Total Residents Outside The Labour Force,65 Years & Over,346.2