year,level_1,level_2,value
1990,Male Residents In The Labour Force,15 - 19 Years,29.1
1990,Male Residents In The Labour Force,20 - 24 Years,95.3
1990,Male Residents In The Labour Force,25 - 29 Years,135.5
1990,Male Residents In The Labour Force,30 - 34 Years,142.1
1990,Male Residents In The Labour Force,35 - 39 Years,123.9
1990,Male Residents In The Labour Force,40 - 44 Years,99.7
1990,Male Residents In The Labour Force,45 - 49 Years,60.8
1990,Male Residents In The Labour Force,50 - 54 Years,52
1990,Male Residents In The Labour Force,55 - 59 Years,34
1990,Male Residents In The Labour Force,60 - 64 Years,20.1
1990,Male Residents In The Labour Force,65 Years & Over,17.8
1990,Male Employed Residents,15 - 19 Years,28.6
1990,Male Employed Residents,20 - 24 Years,91.8
1990,Male Employed Residents,25 - 29 Years,131.5
1990,Male Employed Residents,30 - 34 Years,138.9
1990,Male Employed Residents,35 - 39 Years,121.6
1990,Male Employed Residents,40 - 44 Years,98
1990,Male Employed Residents,45 - 49 Years,59.5
1990,Male Employed Residents,50 - 54 Years,51.2
1990,Male Employed Residents,55 - 59 Years,33.9
1990,Male Employed Residents,60 - 64 Years,20.1
1990,Male Employed Residents,65 Years & Over,17.8
1990,Male Unemployed Residents,15 - 19 Years,0.5
1990,Male Unemployed Residents,20 - 24 Years,3.6
1990,Male Unemployed Residents,25 - 29 Years,4
1990,Male Unemployed Residents,30 - 34 Years,3.1
1990,Male Unemployed Residents,35 - 39 Years,2.3
1990,Male Unemployed Residents,40 - 44 Years,1.8
1990,Male Unemployed Residents,45 - 49 Years,1.3
1990,Male Unemployed Residents,50 - 54 Years,0.9
1990,Male Unemployed Residents,55 - 59 Years,0.2
1990,Male Unemployed Residents,60 - 64 Years,0
1990,Male Unemployed Residents,65 Years & Over,0
1990,Male Residents Outside The Labour Force,15 - 19 Years,85.3
1990,Male Residents Outside The Labour Force,20 - 24 Years,23.1
1990,Male Residents Outside The Labour Force,25 - 29 Years,8.2
1990,Male Residents Outside The Labour Force,30 - 34 Years,7.3
1990,Male Residents Outside The Labour Force,35 - 39 Years,4.8
1990,Male Residents Outside The Labour Force,40 - 44 Years,3.5
1990,Male Residents Outside The Labour Force,45 - 49 Years,3.5
1990,Male Residents Outside The Labour Force,50 - 54 Years,7.1
1990,Male Residents Outside The Labour Force,55 - 59 Years,15.7
1990,Male Residents Outside The Labour Force,60 - 64 Years,20.9
1990,Male Residents Outside The Labour Force,65 Years & Over,55.9
1991,Male Residents In The Labour Force,15 - 19 Years,36.9
1991,Male Residents In The Labour Force,20 - 24 Years,99.4
1991,Male Residents In The Labour Force,25 - 29 Years,134.5
1991,Male Residents In The Labour Force,30 - 34 Years,143.3
1991,Male Residents In The Labour Force,35 - 39 Years,131
1991,Male Residents In The Labour Force,40 - 44 Years,110.2
1991,Male Residents In The Labour Force,45 - 49 Years,64.1
1991,Male Residents In The Labour Force,50 - 54 Years,63.1
1991,Male Residents In The Labour Force,55 - 59 Years,38.2
1991,Male Residents In The Labour Force,60 - 64 Years,21.3
1991,Male Residents In The Labour Force,65 Years & Over,14.2
1991,Male Employed Residents,15 - 19 Years,35.7
1991,Male Employed Residents,20 - 24 Years,96.4
1991,Male Employed Residents,25 - 29 Years,131
1991,Male Employed Residents,30 - 34 Years,140.8
1991,Male Employed Residents,35 - 39 Years,129.1
1991,Male Employed Residents,40 - 44 Years,108.4
1991,Male Employed Residents,45 - 49 Years,63.1
1991,Male Employed Residents,50 - 54 Years,61.7
1991,Male Employed Residents,55 - 59 Years,37.8
1991,Male Employed Residents,60 - 64 Years,21
1991,Male Employed Residents,65 Years & Over,14.2
1991,Male Unemployed Residents,15 - 19 Years,1.3
1991,Male Unemployed Residents,20 - 24 Years,3
1991,Male Unemployed Residents,25 - 29 Years,3.5
1991,Male Unemployed Residents,30 - 34 Years,2.5
1991,Male Unemployed Residents,35 - 39 Years,1.9
1991,Male Unemployed Residents,40 - 44 Years,1.9
1991,Male Unemployed Residents,45 - 49 Years,1
1991,Male Unemployed Residents,50 - 54 Years,1.4
1991,Male Unemployed Residents,55 - 59 Years,0.4
1991,Male Unemployed Residents,60 - 64 Years,0.3
1991,Male Unemployed Residents,65 Years & Over,0.1
1991,Male Residents Outside The Labour Force,15 - 19 Years,86
1991,Male Residents Outside The Labour Force,20 - 24 Years,21.5
1991,Male Residents Outside The Labour Force,25 - 29 Years,4.3
1991,Male Residents Outside The Labour Force,30 - 34 Years,1.8
1991,Male Residents Outside The Labour Force,35 - 39 Years,1.2
1991,Male Residents Outside The Labour Force,40 - 44 Years,1.7
1991,Male Residents Outside The Labour Force,45 - 49 Years,2.3
1991,Male Residents Outside The Labour Force,50 - 54 Years,5.2
1991,Male Residents Outside The Labour Force,55 - 59 Years,15.8
1991,Male Residents Outside The Labour Force,60 - 64 Years,24.2
1991,Male Residents Outside The Labour Force,65 Years & Over,57.4
1992,Male Residents In The Labour Force,15 - 19 Years,34.1
1992,Male Residents In The Labour Force,20 - 24 Years,98.5
1992,Male Residents In The Labour Force,25 - 29 Years,132.6
1992,Male Residents In The Labour Force,30 - 34 Years,147
1992,Male Residents In The Labour Force,35 - 39 Years,130.3
1992,Male Residents In The Labour Force,40 - 44 Years,113.5
1992,Male Residents In The Labour Force,45 - 49 Years,73.7
1992,Male Residents In The Labour Force,50 - 54 Years,63.6
1992,Male Residents In The Labour Force,55 - 59 Years,38.8
1992,Male Residents In The Labour Force,60 - 64 Years,22.5
1992,Male Residents In The Labour Force,65 Years & Over,17.2
1992,Male Employed Residents,15 - 19 Years,32.7
1992,Male Employed Residents,20 - 24 Years,93.5
1992,Male Employed Residents,25 - 29 Years,127.7
1992,Male Employed Residents,30 - 34 Years,143.4
1992,Male Employed Residents,35 - 39 Years,127.6
1992,Male Employed Residents,40 - 44 Years,111.1
1992,Male Employed Residents,45 - 49 Years,71.7
1992,Male Employed Residents,50 - 54 Years,62.2
1992,Male Employed Residents,55 - 59 Years,38.2
1992,Male Employed Residents,60 - 64 Years,22.2
1992,Male Employed Residents,65 Years & Over,17.1
1992,Male Unemployed Residents,15 - 19 Years,1.4
1992,Male Unemployed Residents,20 - 24 Years,4.9
1992,Male Unemployed Residents,25 - 29 Years,5
1992,Male Unemployed Residents,30 - 34 Years,3.6
1992,Male Unemployed Residents,35 - 39 Years,2.7
1992,Male Unemployed Residents,40 - 44 Years,2.4
1992,Male Unemployed Residents,45 - 49 Years,2
1992,Male Unemployed Residents,50 - 54 Years,1.4
1992,Male Unemployed Residents,55 - 59 Years,0.6
1992,Male Unemployed Residents,60 - 64 Years,0.2
1992,Male Unemployed Residents,65 Years & Over,0.1
1992,Male Residents Outside The Labour Force,15 - 19 Years,85.2
1992,Male Residents Outside The Labour Force,20 - 24 Years,23.1
1992,Male Residents Outside The Labour Force,25 - 29 Years,4.1
1992,Male Residents Outside The Labour Force,30 - 34 Years,2
1992,Male Residents Outside The Labour Force,35 - 39 Years,2
1992,Male Residents Outside The Labour Force,40 - 44 Years,2
1992,Male Residents Outside The Labour Force,45 - 49 Years,3
1992,Male Residents Outside The Labour Force,50 - 54 Years,7.7
1992,Male Residents Outside The Labour Force,55 - 59 Years,15.9
1992,Male Residents Outside The Labour Force,60 - 64 Years,23.4
1992,Male Residents Outside The Labour Force,65 Years & Over,58.1
1993,Male Residents In The Labour Force,15 - 19 Years,27.8
1993,Male Residents In The Labour Force,20 - 24 Years,101.1
1993,Male Residents In The Labour Force,25 - 29 Years,126.1
1993,Male Residents In The Labour Force,30 - 34 Years,137.4
1993,Male Residents In The Labour Force,35 - 39 Years,136.8
1993,Male Residents In The Labour Force,40 - 44 Years,123.5
1993,Male Residents In The Labour Force,45 - 49 Years,85.8
1993,Male Residents In The Labour Force,50 - 54 Years,63.7
1993,Male Residents In The Labour Force,55 - 59 Years,39.5
1993,Male Residents In The Labour Force,60 - 64 Years,23.8
1993,Male Residents In The Labour Force,65 Years & Over,17.9
1993,Male Employed Residents,15 - 19 Years,26.7
1993,Male Employed Residents,20 - 24 Years,96
1993,Male Employed Residents,25 - 29 Years,121
1993,Male Employed Residents,30 - 34 Years,134.3
1993,Male Employed Residents,35 - 39 Years,133.9
1993,Male Employed Residents,40 - 44 Years,121.6
1993,Male Employed Residents,45 - 49 Years,84.3
1993,Male Employed Residents,50 - 54 Years,62.4
1993,Male Employed Residents,55 - 59 Years,38.8
1993,Male Employed Residents,60 - 64 Years,23.5
1993,Male Employed Residents,65 Years & Over,17.7
1993,Male Unemployed Residents,15 - 19 Years,1.2
1993,Male Unemployed Residents,20 - 24 Years,5.1
1993,Male Unemployed Residents,25 - 29 Years,5.1
1993,Male Unemployed Residents,30 - 34 Years,3.1
1993,Male Unemployed Residents,35 - 39 Years,2.9
1993,Male Unemployed Residents,40 - 44 Years,1.8
1993,Male Unemployed Residents,45 - 49 Years,1.5
1993,Male Unemployed Residents,50 - 54 Years,1.3
1993,Male Unemployed Residents,55 - 59 Years,0.7
1993,Male Unemployed Residents,60 - 64 Years,0.4
1993,Male Unemployed Residents,65 Years & Over,0.3
1993,Male Residents Outside The Labour Force,15 - 19 Years,88.6
1993,Male Residents Outside The Labour Force,20 - 24 Years,24.9
1993,Male Residents Outside The Labour Force,25 - 29 Years,5.3
1993,Male Residents Outside The Labour Force,30 - 34 Years,2.1
1993,Male Residents Outside The Labour Force,35 - 39 Years,2.2
1993,Male Residents Outside The Labour Force,40 - 44 Years,2.3
1993,Male Residents Outside The Labour Force,45 - 49 Years,2.9
1993,Male Residents Outside The Labour Force,50 - 54 Years,6.9
1993,Male Residents Outside The Labour Force,55 - 59 Years,15.6
1993,Male Residents Outside The Labour Force,60 - 64 Years,23.4
1993,Male Residents Outside The Labour Force,65 Years & Over,63.5
1994,Male Residents In The Labour Force,15 - 19 Years,25.3
1994,Male Residents In The Labour Force,20 - 24 Years,96.5
1994,Male Residents In The Labour Force,25 - 29 Years,124.1
1994,Male Residents In The Labour Force,30 - 34 Years,141.2
1994,Male Residents In The Labour Force,35 - 39 Years,144.6
1994,Male Residents In The Labour Force,40 - 44 Years,123.4
1994,Male Residents In The Labour Force,45 - 49 Years,93.5
1994,Male Residents In The Labour Force,50 - 54 Years,63.7
1994,Male Residents In The Labour Force,55 - 59 Years,42.9
1994,Male Residents In The Labour Force,60 - 64 Years,23.4
1994,Male Residents In The Labour Force,65 Years & Over,19.5
1994,Male Employed Residents,15 - 19 Years,24.1
1994,Male Employed Residents,20 - 24 Years,91.6
1994,Male Employed Residents,25 - 29 Years,119.3
1994,Male Employed Residents,30 - 34 Years,138.5
1994,Male Employed Residents,35 - 39 Years,141.8
1994,Male Employed Residents,40 - 44 Years,121.3
1994,Male Employed Residents,45 - 49 Years,91.8
1994,Male Employed Residents,50 - 54 Years,62.6
1994,Male Employed Residents,55 - 59 Years,42.2
1994,Male Employed Residents,60 - 64 Years,23
1994,Male Employed Residents,65 Years & Over,19.4
1994,Male Unemployed Residents,15 - 19 Years,1.2
1994,Male Unemployed Residents,20 - 24 Years,5
1994,Male Unemployed Residents,25 - 29 Years,4.8
1994,Male Unemployed Residents,30 - 34 Years,2.7
1994,Male Unemployed Residents,35 - 39 Years,2.8
1994,Male Unemployed Residents,40 - 44 Years,2.1
1994,Male Unemployed Residents,45 - 49 Years,1.7
1994,Male Unemployed Residents,50 - 54 Years,1.1
1994,Male Unemployed Residents,55 - 59 Years,0.7
1994,Male Unemployed Residents,60 - 64 Years,0.4
1994,Male Unemployed Residents,65 Years & Over,0.1
1994,Male Residents Outside The Labour Force,15 - 19 Years,87
1994,Male Residents Outside The Labour Force,20 - 24 Years,27.2
1994,Male Residents Outside The Labour Force,25 - 29 Years,5.1
1994,Male Residents Outside The Labour Force,30 - 34 Years,2.4
1994,Male Residents Outside The Labour Force,35 - 39 Years,1.8
1994,Male Residents Outside The Labour Force,40 - 44 Years,1.6
1994,Male Residents Outside The Labour Force,45 - 49 Years,2.8
1994,Male Residents Outside The Labour Force,50 - 54 Years,6.2
1994,Male Residents Outside The Labour Force,55 - 59 Years,14.7
1994,Male Residents Outside The Labour Force,60 - 64 Years,24.3
1994,Male Residents Outside The Labour Force,65 Years & Over,62.3
1995,Male Residents In The Labour Force,15 - 19 Years,20.2
1995,Male Residents In The Labour Force,20 - 24 Years,88.6
1995,Male Residents In The Labour Force,25 - 29 Years,114.3
1995,Male Residents In The Labour Force,30 - 34 Years,140.3
1995,Male Residents In The Labour Force,35 - 39 Years,148.2
1995,Male Residents In The Labour Force,40 - 44 Years,130.8
1995,Male Residents In The Labour Force,45 - 49 Years,101.3
1995,Male Residents In The Labour Force,50 - 54 Years,59.9
1995,Male Residents In The Labour Force,55 - 59 Years,43.4
1995,Male Residents In The Labour Force,60 - 64 Years,21.9
1995,Male Residents In The Labour Force,65 Years & Over,16.7
1995,Male Employed Residents,15 - 19 Years,19.3
1995,Male Employed Residents,20 - 24 Years,83.4
1995,Male Employed Residents,25 - 29 Years,109.3
1995,Male Employed Residents,30 - 34 Years,135.8
1995,Male Employed Residents,35 - 39 Years,144.6
1995,Male Employed Residents,40 - 44 Years,127.8
1995,Male Employed Residents,45 - 49 Years,98.8
1995,Male Employed Residents,50 - 54 Years,58.7
1995,Male Employed Residents,55 - 59 Years,42.5
1995,Male Employed Residents,60 - 64 Years,21.8
1995,Male Employed Residents,65 Years & Over,16.6
1995,Male Unemployed Residents,15 - 19 Years,0.9
1995,Male Unemployed Residents,20 - 24 Years,5.2
1995,Male Unemployed Residents,25 - 29 Years,5
1995,Male Unemployed Residents,30 - 34 Years,4.5
1995,Male Unemployed Residents,35 - 39 Years,3.7
1995,Male Unemployed Residents,40 - 44 Years,3
1995,Male Unemployed Residents,45 - 49 Years,2.5
1995,Male Unemployed Residents,50 - 54 Years,1.2
1995,Male Unemployed Residents,55 - 59 Years,0.9
1995,Male Unemployed Residents,60 - 64 Years,0.2
1995,Male Unemployed Residents,65 Years & Over,0.1
1995,Male Residents Outside The Labour Force,15 - 19 Years,88.6
1995,Male Residents Outside The Labour Force,20 - 24 Years,29.8
1995,Male Residents Outside The Labour Force,25 - 29 Years,6.7
1995,Male Residents Outside The Labour Force,30 - 34 Years,4.2
1995,Male Residents Outside The Labour Force,35 - 39 Years,3.5
1995,Male Residents Outside The Labour Force,40 - 44 Years,3.3
1995,Male Residents Outside The Labour Force,45 - 49 Years,3.9
1995,Male Residents Outside The Labour Force,50 - 54 Years,6.7
1995,Male Residents Outside The Labour Force,55 - 59 Years,16.8
1995,Male Residents Outside The Labour Force,60 - 64 Years,25.5
1995,Male Residents Outside The Labour Force,65 Years & Over,72
1996,Male Residents In The Labour Force,15 - 19 Years,24.1
1996,Male Residents In The Labour Force,20 - 24 Years,82.2
1996,Male Residents In The Labour Force,25 - 29 Years,110.7
1996,Male Residents In The Labour Force,30 - 34 Years,142.5
1996,Male Residents In The Labour Force,35 - 39 Years,151.3
1996,Male Residents In The Labour Force,40 - 44 Years,138
1996,Male Residents In The Labour Force,45 - 49 Years,115.1
1996,Male Residents In The Labour Force,50 - 54 Years,60.4
1996,Male Residents In The Labour Force,55 - 59 Years,49.2
1996,Male Residents In The Labour Force,60 - 64 Years,23
1996,Male Residents In The Labour Force,65 Years & Over,20.2
1996,Male Employed Residents,15 - 19 Years,23
1996,Male Employed Residents,20 - 24 Years,77.2
1996,Male Employed Residents,25 - 29 Years,106.3
1996,Male Employed Residents,30 - 34 Years,139.3
1996,Male Employed Residents,35 - 39 Years,147.8
1996,Male Employed Residents,40 - 44 Years,134.7
1996,Male Employed Residents,45 - 49 Years,112.6
1996,Male Employed Residents,50 - 54 Years,58.9
1996,Male Employed Residents,55 - 59 Years,47.8
1996,Male Employed Residents,60 - 64 Years,22.3
1996,Male Employed Residents,65 Years & Over,19.8
1996,Male Unemployed Residents,15 - 19 Years,1.1
1996,Male Unemployed Residents,20 - 24 Years,5
1996,Male Unemployed Residents,25 - 29 Years,4.5
1996,Male Unemployed Residents,30 - 34 Years,3.2
1996,Male Unemployed Residents,35 - 39 Years,3.4
1996,Male Unemployed Residents,40 - 44 Years,3.2
1996,Male Unemployed Residents,45 - 49 Years,2.5
1996,Male Unemployed Residents,50 - 54 Years,1.5
1996,Male Unemployed Residents,55 - 59 Years,1.3
1996,Male Unemployed Residents,60 - 64 Years,0.7
1996,Male Unemployed Residents,65 Years & Over,0.3
1996,Male Residents Outside The Labour Force,15 - 19 Years,88.3
1996,Male Residents Outside The Labour Force,20 - 24 Years,28.6
1996,Male Residents Outside The Labour Force,25 - 29 Years,4.1
1996,Male Residents Outside The Labour Force,30 - 34 Years,2.4
1996,Male Residents Outside The Labour Force,35 - 39 Years,2.7
1996,Male Residents Outside The Labour Force,40 - 44 Years,2.5
1996,Male Residents Outside The Labour Force,45 - 49 Years,3.8
1996,Male Residents Outside The Labour Force,50 - 54 Years,5.8
1996,Male Residents Outside The Labour Force,55 - 59 Years,14.4
1996,Male Residents Outside The Labour Force,60 - 64 Years,24.1
1996,Male Residents Outside The Labour Force,65 Years & Over,71.7
1997,Male Residents In The Labour Force,15 - 19 Years,18.5
1997,Male Residents In The Labour Force,20 - 24 Years,82.7
1997,Male Residents In The Labour Force,25 - 29 Years,116.2
1997,Male Residents In The Labour Force,30 - 34 Years,141.8
1997,Male Residents In The Labour Force,35 - 39 Years,149.8
1997,Male Residents In The Labour Force,40 - 44 Years,141
1997,Male Residents In The Labour Force,45 - 49 Years,119.8
1997,Male Residents In The Labour Force,50 - 54 Years,72.8
1997,Male Residents In The Labour Force,55 - 59 Years,49.2
1997,Male Residents In The Labour Force,60 - 64 Years,24.4
1997,Male Residents In The Labour Force,65 Years & Over,19.2
1997,Male Employed Residents,15 - 19 Years,18
1997,Male Employed Residents,20 - 24 Years,78.8
1997,Male Employed Residents,25 - 29 Years,112.4
1997,Male Employed Residents,30 - 34 Years,139
1997,Male Employed Residents,35 - 39 Years,147.3
1997,Male Employed Residents,40 - 44 Years,138
1997,Male Employed Residents,45 - 49 Years,117.5
1997,Male Employed Residents,50 - 54 Years,71
1997,Male Employed Residents,55 - 59 Years,48.1
1997,Male Employed Residents,60 - 64 Years,23.7
1997,Male Employed Residents,65 Years & Over,18.9
1997,Male Unemployed Residents,15 - 19 Years,0.6
1997,Male Unemployed Residents,20 - 24 Years,3.9
1997,Male Unemployed Residents,25 - 29 Years,3.8
1997,Male Unemployed Residents,30 - 34 Years,2.8
1997,Male Unemployed Residents,35 - 39 Years,2.5
1997,Male Unemployed Residents,40 - 44 Years,3
1997,Male Unemployed Residents,45 - 49 Years,2.3
1997,Male Unemployed Residents,50 - 54 Years,1.8
1997,Male Unemployed Residents,55 - 59 Years,1.1
1997,Male Unemployed Residents,60 - 64 Years,0.6
1997,Male Unemployed Residents,65 Years & Over,0.3
1997,Male Residents Outside The Labour Force,15 - 19 Years,92.8
1997,Male Residents Outside The Labour Force,20 - 24 Years,32.9
1997,Male Residents Outside The Labour Force,25 - 29 Years,6.3
1997,Male Residents Outside The Labour Force,30 - 34 Years,2.1
1997,Male Residents Outside The Labour Force,35 - 39 Years,2.5
1997,Male Residents Outside The Labour Force,40 - 44 Years,2.9
1997,Male Residents Outside The Labour Force,45 - 49 Years,3.8
1997,Male Residents Outside The Labour Force,50 - 54 Years,5.8
1997,Male Residents Outside The Labour Force,55 - 59 Years,15.5
1997,Male Residents Outside The Labour Force,60 - 64 Years,24.5
1997,Male Residents Outside The Labour Force,65 Years & Over,71.3
1998,Male Residents In The Labour Force,15 - 19 Years,17.7
1998,Male Residents In The Labour Force,20 - 24 Years,73.5
1998,Male Residents In The Labour Force,25 - 29 Years,110.9
1998,Male Residents In The Labour Force,30 - 34 Years,137.3
1998,Male Residents In The Labour Force,35 - 39 Years,152.3
1998,Male Residents In The Labour Force,40 - 44 Years,146.2
1998,Male Residents In The Labour Force,45 - 49 Years,123
1998,Male Residents In The Labour Force,50 - 54 Years,77.9
1998,Male Residents In The Labour Force,55 - 59 Years,50.3
1998,Male Residents In The Labour Force,60 - 64 Years,24.2
1998,Male Residents In The Labour Force,65 Years & Over,18.5
1998,Male Employed Residents,15 - 19 Years,17.1
1998,Male Employed Residents,20 - 24 Years,68.9
1998,Male Employed Residents,25 - 29 Years,106.1
1998,Male Employed Residents,30 - 34 Years,133.8
1998,Male Employed Residents,35 - 39 Years,148.3
1998,Male Employed Residents,40 - 44 Years,142.2
1998,Male Employed Residents,45 - 49 Years,119.1
1998,Male Employed Residents,50 - 54 Years,75.4
1998,Male Employed Residents,55 - 59 Years,48.7
1998,Male Employed Residents,60 - 64 Years,23.7
1998,Male Employed Residents,65 Years & Over,18.4
1998,Male Unemployed Residents,15 - 19 Years,0.6
1998,Male Unemployed Residents,20 - 24 Years,4.6
1998,Male Unemployed Residents,25 - 29 Years,4.8
1998,Male Unemployed Residents,30 - 34 Years,3.4
1998,Male Unemployed Residents,35 - 39 Years,4
1998,Male Unemployed Residents,40 - 44 Years,4
1998,Male Unemployed Residents,45 - 49 Years,3.8
1998,Male Unemployed Residents,50 - 54 Years,2.5
1998,Male Unemployed Residents,55 - 59 Years,1.6
1998,Male Unemployed Residents,60 - 64 Years,0.5
1998,Male Unemployed Residents,65 Years & Over,0.2
1998,Male Residents Outside The Labour Force,15 - 19 Years,94.6
1998,Male Residents Outside The Labour Force,20 - 24 Years,32.7
1998,Male Residents Outside The Labour Force,25 - 29 Years,6.6
1998,Male Residents Outside The Labour Force,30 - 34 Years,2.3
1998,Male Residents Outside The Labour Force,35 - 39 Years,1.9
1998,Male Residents Outside The Labour Force,40 - 44 Years,2.7
1998,Male Residents Outside The Labour Force,45 - 49 Years,3.6
1998,Male Residents Outside The Labour Force,50 - 54 Years,7.1
1998,Male Residents Outside The Labour Force,55 - 59 Years,15.3
1998,Male Residents Outside The Labour Force,60 - 64 Years,25.1
1998,Male Residents Outside The Labour Force,65 Years & Over,80.7
1999,Male Residents In The Labour Force,15 - 19 Years,19.3
1999,Male Residents In The Labour Force,20 - 24 Years,71.9
1999,Male Residents In The Labour Force,25 - 29 Years,114.7
1999,Male Residents In The Labour Force,30 - 34 Years,141.9
1999,Male Residents In The Labour Force,35 - 39 Years,154.9
1999,Male Residents In The Labour Force,40 - 44 Years,146.2
1999,Male Residents In The Labour Force,45 - 49 Years,121.8
1999,Male Residents In The Labour Force,50 - 54 Years,85.9
1999,Male Residents In The Labour Force,55 - 59 Years,49.7
1999,Male Residents In The Labour Force,60 - 64 Years,28.1
1999,Male Residents In The Labour Force,65 Years & Over,22.1
1999,Male Employed Residents,15 - 19 Years,18.6
1999,Male Employed Residents,20 - 24 Years,66.8
1999,Male Employed Residents,25 - 29 Years,109
1999,Male Employed Residents,30 - 34 Years,136.7
1999,Male Employed Residents,35 - 39 Years,149
1999,Male Employed Residents,40 - 44 Years,139.6
1999,Male Employed Residents,45 - 49 Years,115.2
1999,Male Employed Residents,50 - 54 Years,81.6
1999,Male Employed Residents,55 - 59 Years,47.6
1999,Male Employed Residents,60 - 64 Years,26.9
1999,Male Employed Residents,65 Years & Over,21.1
1999,Male Unemployed Residents,15 - 19 Years,0.7
1999,Male Unemployed Residents,20 - 24 Years,5.1
1999,Male Unemployed Residents,25 - 29 Years,5.8
1999,Male Unemployed Residents,30 - 34 Years,5.1
1999,Male Unemployed Residents,35 - 39 Years,5.8
1999,Male Unemployed Residents,40 - 44 Years,6.6
1999,Male Unemployed Residents,45 - 49 Years,6.6
1999,Male Unemployed Residents,50 - 54 Years,4.3
1999,Male Unemployed Residents,55 - 59 Years,2.2
1999,Male Unemployed Residents,60 - 64 Years,1.2
1999,Male Unemployed Residents,65 Years & Over,1
1999,Male Residents Outside The Labour Force,15 - 19 Years,92.4
1999,Male Residents Outside The Labour Force,20 - 24 Years,30.4
1999,Male Residents Outside The Labour Force,25 - 29 Years,7.2
1999,Male Residents Outside The Labour Force,30 - 34 Years,2.8
1999,Male Residents Outside The Labour Force,35 - 39 Years,2.9
1999,Male Residents Outside The Labour Force,40 - 44 Years,3.6
1999,Male Residents Outside The Labour Force,45 - 49 Years,3.9
1999,Male Residents Outside The Labour Force,50 - 54 Years,7.3
1999,Male Residents Outside The Labour Force,55 - 59 Years,15.3
1999,Male Residents Outside The Labour Force,60 - 64 Years,26.1
1999,Male Residents Outside The Labour Force,65 Years & Over,80.8
2000,Male Residents In The Labour Force,15 - 19 Years,15.9
2000,Male Residents In The Labour Force,20 - 24 Years,66.2
2000,Male Residents In The Labour Force,25 - 29 Years,116
2000,Male Residents In The Labour Force,30 - 34 Years,133.1
2000,Male Residents In The Labour Force,35 - 39 Years,152.9
2000,Male Residents In The Labour Force,40 - 44 Years,148.7
2000,Male Residents In The Labour Force,45 - 49 Years,123.7
2000,Male Residents In The Labour Force,50 - 54 Years,93.2
2000,Male Residents In The Labour Force,55 - 59 Years,45.9
2000,Male Residents In The Labour Force,60 - 64 Years,26.9
2000,Male Residents In The Labour Force,65 Years & Over,19.4
2000,Male Employed Residents,15 - 19 Years,15.3
2000,Male Employed Residents,20 - 24 Years,61.5
2000,Male Employed Residents,25 - 29 Years,108.8
2000,Male Employed Residents,30 - 34 Years,126.7
2000,Male Employed Residents,35 - 39 Years,145.7
2000,Male Employed Residents,40 - 44 Years,140.5
2000,Male Employed Residents,45 - 49 Years,116.5
2000,Male Employed Residents,50 - 54 Years,87.1
2000,Male Employed Residents,55 - 59 Years,43.2
2000,Male Employed Residents,60 - 64 Years,25.6
2000,Male Employed Residents,65 Years & Over,18.8
2000,Male Unemployed Residents,15 - 19 Years,0.6
2000,Male Unemployed Residents,20 - 24 Years,4.7
2000,Male Unemployed Residents,25 - 29 Years,7.2
2000,Male Unemployed Residents,30 - 34 Years,6.4
2000,Male Unemployed Residents,35 - 39 Years,7.2
2000,Male Unemployed Residents,40 - 44 Years,8.2
2000,Male Unemployed Residents,45 - 49 Years,7.3
2000,Male Unemployed Residents,50 - 54 Years,6.1
2000,Male Unemployed Residents,55 - 59 Years,2.8
2000,Male Unemployed Residents,60 - 64 Years,1.3
2000,Male Unemployed Residents,65 Years & Over,0.5
2000,Male Residents Outside The Labour Force,15 - 19 Years,94.4
2000,Male Residents Outside The Labour Force,20 - 24 Years,35.6
2000,Male Residents Outside The Labour Force,25 - 29 Years,7
2000,Male Residents Outside The Labour Force,30 - 34 Years,3.4
2000,Male Residents Outside The Labour Force,35 - 39 Years,3.6
2000,Male Residents Outside The Labour Force,40 - 44 Years,4.3
2000,Male Residents Outside The Labour Force,45 - 49 Years,5
2000,Male Residents Outside The Labour Force,50 - 54 Years,9.3
2000,Male Residents Outside The Labour Force,55 - 59 Years,16
2000,Male Residents Outside The Labour Force,60 - 64 Years,26.5
2000,Male Residents Outside The Labour Force,65 Years & Over,82.8
2001,Male Residents In The Labour Force,15 - 19 Years,19.6
2001,Male Residents In The Labour Force,20 - 24 Years,73.3
2001,Male Residents In The Labour Force,25 - 29 Years,110.1
2001,Male Residents In The Labour Force,30 - 34 Years,130.2
2001,Male Residents In The Labour Force,35 - 39 Years,155.3
2001,Male Residents In The Labour Force,40 - 44 Years,153.7
2001,Male Residents In The Labour Force,45 - 49 Years,131
2001,Male Residents In The Labour Force,50 - 54 Years,103.6
2001,Male Residents In The Labour Force,55 - 59 Years,43.9
2001,Male Residents In The Labour Force,60 - 64 Years,31.6
2001,Male Residents In The Labour Force,65 Years & Over,21.7
2001,Male Employed Residents,15 - 19 Years,18.9
2001,Male Employed Residents,20 - 24 Years,69.3
2001,Male Employed Residents,25 - 29 Years,104.8
2001,Male Employed Residents,30 - 34 Years,126.4
2001,Male Employed Residents,35 - 39 Years,150.5
2001,Male Employed Residents,40 - 44 Years,148.6
2001,Male Employed Residents,45 - 49 Years,125.6
2001,Male Employed Residents,50 - 54 Years,99.9
2001,Male Employed Residents,55 - 59 Years,42.1
2001,Male Employed Residents,60 - 64 Years,30.9
2001,Male Employed Residents,65 Years & Over,21.4
2001,Male Unemployed Residents,15 - 19 Years,0.7
2001,Male Unemployed Residents,20 - 24 Years,4
2001,Male Unemployed Residents,25 - 29 Years,5.3
2001,Male Unemployed Residents,30 - 34 Years,3.8
2001,Male Unemployed Residents,35 - 39 Years,4.8
2001,Male Unemployed Residents,40 - 44 Years,5.1
2001,Male Unemployed Residents,45 - 49 Years,5.4
2001,Male Unemployed Residents,50 - 54 Years,3.7
2001,Male Unemployed Residents,55 - 59 Years,1.9
2001,Male Unemployed Residents,60 - 64 Years,0.7
2001,Male Unemployed Residents,65 Years & Over,0.4
2001,Male Residents Outside The Labour Force,15 - 19 Years,94.3
2001,Male Residents Outside The Labour Force,20 - 24 Years,32.1
2001,Male Residents Outside The Labour Force,25 - 29 Years,6.1
2001,Male Residents Outside The Labour Force,30 - 34 Years,2.3
2001,Male Residents Outside The Labour Force,35 - 39 Years,2.3
2001,Male Residents Outside The Labour Force,40 - 44 Years,2.9
2001,Male Residents Outside The Labour Force,45 - 49 Years,4.8
2001,Male Residents Outside The Labour Force,50 - 54 Years,10.4
2001,Male Residents Outside The Labour Force,55 - 59 Years,15.2
2001,Male Residents Outside The Labour Force,60 - 64 Years,26.9
2001,Male Residents Outside The Labour Force,65 Years & Over,82.9
2002,Male Residents In The Labour Force,15 - 19 Years,14
2002,Male Residents In The Labour Force,20 - 24 Years,70.9
2002,Male Residents In The Labour Force,25 - 29 Years,106
2002,Male Residents In The Labour Force,30 - 34 Years,129.3
2002,Male Residents In The Labour Force,35 - 39 Years,157
2002,Male Residents In The Labour Force,40 - 44 Years,155.2
2002,Male Residents In The Labour Force,45 - 49 Years,135.8
2002,Male Residents In The Labour Force,50 - 54 Years,111.1
2002,Male Residents In The Labour Force,55 - 59 Years,58.4
2002,Male Residents In The Labour Force,60 - 64 Years,32.5
2002,Male Residents In The Labour Force,65 Years & Over,22.7
2002,Male Employed Residents,15 - 19 Years,13.2
2002,Male Employed Residents,20 - 24 Years,65.9
2002,Male Employed Residents,25 - 29 Years,98.5
2002,Male Employed Residents,30 - 34 Years,124.4
2002,Male Employed Residents,35 - 39 Years,149.7
2002,Male Employed Residents,40 - 44 Years,147.2
2002,Male Employed Residents,45 - 49 Years,127.3
2002,Male Employed Residents,50 - 54 Years,104
2002,Male Employed Residents,55 - 59 Years,54.5
2002,Male Employed Residents,60 - 64 Years,31
2002,Male Employed Residents,65 Years & Over,21.9
2002,Male Unemployed Residents,15 - 19 Years,0.8
2002,Male Unemployed Residents,20 - 24 Years,5
2002,Male Unemployed Residents,25 - 29 Years,7.5
2002,Male Unemployed Residents,30 - 34 Years,4.9
2002,Male Unemployed Residents,35 - 39 Years,7.3
2002,Male Unemployed Residents,40 - 44 Years,8
2002,Male Unemployed Residents,45 - 49 Years,8.5
2002,Male Unemployed Residents,50 - 54 Years,7
2002,Male Unemployed Residents,55 - 59 Years,3.9
2002,Male Unemployed Residents,60 - 64 Years,1.5
2002,Male Unemployed Residents,65 Years & Over,0.8
2002,Male Residents Outside The Labour Force,15 - 19 Years,95.1
2002,Male Residents Outside The Labour Force,20 - 24 Years,34.2
2002,Male Residents Outside The Labour Force,25 - 29 Years,6.6
2002,Male Residents Outside The Labour Force,30 - 34 Years,2.3
2002,Male Residents Outside The Labour Force,35 - 39 Years,2.8
2002,Male Residents Outside The Labour Force,40 - 44 Years,3.6
2002,Male Residents Outside The Labour Force,45 - 49 Years,4.5
2002,Male Residents Outside The Labour Force,50 - 54 Years,9.5
2002,Male Residents Outside The Labour Force,55 - 59 Years,15.2
2002,Male Residents Outside The Labour Force,60 - 64 Years,28.3
2002,Male Residents Outside The Labour Force,65 Years & Over,91.6
2003,Male Residents In The Labour Force,15 - 19 Years,14.7
2003,Male Residents In The Labour Force,20 - 24 Years,71.1
2003,Male Residents In The Labour Force,25 - 29 Years,105.1
2003,Male Residents In The Labour Force,30 - 34 Years,133.5
2003,Male Residents In The Labour Force,35 - 39 Years,149.8
2003,Male Residents In The Labour Force,40 - 44 Years,154.3
2003,Male Residents In The Labour Force,45 - 49 Years,142.2
2003,Male Residents In The Labour Force,50 - 54 Years,112.5
2003,Male Residents In The Labour Force,55 - 59 Years,67.2
2003,Male Residents In The Labour Force,60 - 64 Years,32.3
2003,Male Residents In The Labour Force,65 Years & Over,23.6
2003,Male Employed Residents,15 - 19 Years,14.1
2003,Male Employed Residents,20 - 24 Years,66.7
2003,Male Employed Residents,25 - 29 Years,97.4
2003,Male Employed Residents,30 - 34 Years,126.1
2003,Male Employed Residents,35 - 39 Years,141.8
2003,Male Employed Residents,40 - 44 Years,145.8
2003,Male Employed Residents,45 - 49 Years,134.5
2003,Male Employed Residents,50 - 54 Years,105.2
2003,Male Employed Residents,55 - 59 Years,63.1
2003,Male Employed Residents,60 - 64 Years,31.2
2003,Male Employed Residents,65 Years & Over,22.9
2003,Male Unemployed Residents,15 - 19 Years,0.6
2003,Male Unemployed Residents,20 - 24 Years,4.4
2003,Male Unemployed Residents,25 - 29 Years,7.8
2003,Male Unemployed Residents,30 - 34 Years,7.4
2003,Male Unemployed Residents,35 - 39 Years,8
2003,Male Unemployed Residents,40 - 44 Years,8.6
2003,Male Unemployed Residents,45 - 49 Years,7.6
2003,Male Unemployed Residents,50 - 54 Years,7.3
2003,Male Unemployed Residents,55 - 59 Years,4.1
2003,Male Unemployed Residents,60 - 64 Years,1.1
2003,Male Unemployed Residents,65 Years & Over,0.8
2003,Male Residents Outside The Labour Force,15 - 19 Years,102.5
2003,Male Residents Outside The Labour Force,20 - 24 Years,33
2003,Male Residents Outside The Labour Force,25 - 29 Years,6.7
2003,Male Residents Outside The Labour Force,30 - 34 Years,2
2003,Male Residents Outside The Labour Force,35 - 39 Years,2.8
2003,Male Residents Outside The Labour Force,40 - 44 Years,4.5
2003,Male Residents Outside The Labour Force,45 - 49 Years,5.9
2003,Male Residents Outside The Labour Force,50 - 54 Years,9.9
2003,Male Residents Outside The Labour Force,55 - 59 Years,18.2
2003,Male Residents Outside The Labour Force,60 - 64 Years,31.8
2003,Male Residents Outside The Labour Force,65 Years & Over,99.6
2004,Male Residents In The Labour Force,15 - 19 Years,15
2004,Male Residents In The Labour Force,20 - 24 Years,75.1
2004,Male Residents In The Labour Force,25 - 29 Years,104.7
2004,Male Residents In The Labour Force,30 - 34 Years,131.2
2004,Male Residents In The Labour Force,35 - 39 Years,138.5
2004,Male Residents In The Labour Force,40 - 44 Years,158.7
2004,Male Residents In The Labour Force,45 - 49 Years,147.1
2004,Male Residents In The Labour Force,50 - 54 Years,118.7
2004,Male Residents In The Labour Force,55 - 59 Years,74.2
2004,Male Residents In The Labour Force,60 - 64 Years,32.9
2004,Male Residents In The Labour Force,65 Years & Over,21.4
2004,Male Employed Residents,15 - 19 Years,14.1
2004,Male Employed Residents,20 - 24 Years,69.7
2004,Male Employed Residents,25 - 29 Years,97
2004,Male Employed Residents,30 - 34 Years,126.8
2004,Male Employed Residents,35 - 39 Years,132.1
2004,Male Employed Residents,40 - 44 Years,149.6
2004,Male Employed Residents,45 - 49 Years,139.2
2004,Male Employed Residents,50 - 54 Years,110.6
2004,Male Employed Residents,55 - 59 Years,69.7
2004,Male Employed Residents,60 - 64 Years,31.1
2004,Male Employed Residents,65 Years & Over,20.8
2004,Male Unemployed Residents,15 - 19 Years,0.8
2004,Male Unemployed Residents,20 - 24 Years,5.3
2004,Male Unemployed Residents,25 - 29 Years,7.7
2004,Male Unemployed Residents,30 - 34 Years,4.5
2004,Male Unemployed Residents,35 - 39 Years,6.5
2004,Male Unemployed Residents,40 - 44 Years,9
2004,Male Unemployed Residents,45 - 49 Years,7.9
2004,Male Unemployed Residents,50 - 54 Years,8.1
2004,Male Unemployed Residents,55 - 59 Years,4.5
2004,Male Unemployed Residents,60 - 64 Years,1.8
2004,Male Unemployed Residents,65 Years & Over,0.6
2004,Male Residents Outside The Labour Force,15 - 19 Years,106.2
2004,Male Residents Outside The Labour Force,20 - 24 Years,34.3
2004,Male Residents Outside The Labour Force,25 - 29 Years,8.8
2004,Male Residents Outside The Labour Force,30 - 34 Years,2.7
2004,Male Residents Outside The Labour Force,35 - 39 Years,3.2
2004,Male Residents Outside The Labour Force,40 - 44 Years,4.3
2004,Male Residents Outside The Labour Force,45 - 49 Years,5.4
2004,Male Residents Outside The Labour Force,50 - 54 Years,8.7
2004,Male Residents Outside The Labour Force,55 - 59 Years,20.6
2004,Male Residents Outside The Labour Force,60 - 64 Years,29.9
2004,Male Residents Outside The Labour Force,65 Years & Over,101.7
2005,Male Residents In The Labour Force,15 - 19 Years,13.1
2005,Male Residents In The Labour Force,20 - 24 Years,66.5
2005,Male Residents In The Labour Force,25 - 29 Years,107.8
2005,Male Residents In The Labour Force,30 - 34 Years,133.3
2005,Male Residents In The Labour Force,35 - 39 Years,142.5
2005,Male Residents In The Labour Force,40 - 44 Years,156
2005,Male Residents In The Labour Force,45 - 49 Years,143
2005,Male Residents In The Labour Force,50 - 54 Years,116.5
2005,Male Residents In The Labour Force,55 - 59 Years,76.3
2005,Male Residents In The Labour Force,60 - 64 Years,31
2005,Male Residents In The Labour Force,65 Years & Over,24
2005,Male Employed Residents,15 - 19 Years,12.5
2005,Male Employed Residents,20 - 24 Years,61.2
2005,Male Employed Residents,25 - 29 Years,101.2
2005,Male Employed Residents,30 - 34 Years,128.4
2005,Male Employed Residents,35 - 39 Years,137.1
2005,Male Employed Residents,40 - 44 Years,150.1
2005,Male Employed Residents,45 - 49 Years,136.3
2005,Male Employed Residents,50 - 54 Years,110
2005,Male Employed Residents,55 - 59 Years,71.3
2005,Male Employed Residents,60 - 64 Years,29
2005,Male Employed Residents,65 Years & Over,22.7
2005,Male Unemployed Residents,15 - 19 Years,0.6
2005,Male Unemployed Residents,20 - 24 Years,5.3
2005,Male Unemployed Residents,25 - 29 Years,6.6
2005,Male Unemployed Residents,30 - 34 Years,4.9
2005,Male Unemployed Residents,35 - 39 Years,5.4
2005,Male Unemployed Residents,40 - 44 Years,6
2005,Male Unemployed Residents,45 - 49 Years,6.7
2005,Male Unemployed Residents,50 - 54 Years,6.4
2005,Male Unemployed Residents,55 - 59 Years,4.9
2005,Male Unemployed Residents,60 - 64 Years,2
2005,Male Unemployed Residents,65 Years & Over,1.3
2005,Male Residents Outside The Labour Force,15 - 19 Years,110.7
2005,Male Residents Outside The Labour Force,20 - 24 Years,42.1
2005,Male Residents Outside The Labour Force,25 - 29 Years,10.2
2005,Male Residents Outside The Labour Force,30 - 34 Years,3.7
2005,Male Residents Outside The Labour Force,35 - 39 Years,4.1
2005,Male Residents Outside The Labour Force,40 - 44 Years,5.8
2005,Male Residents Outside The Labour Force,45 - 49 Years,7.7
2005,Male Residents Outside The Labour Force,50 - 54 Years,11.9
2005,Male Residents Outside The Labour Force,55 - 59 Years,23.3
2005,Male Residents Outside The Labour Force,60 - 64 Years,28
2005,Male Residents Outside The Labour Force,65 Years & Over,100.1
2006,Male Residents In The Labour Force,15 - 19 Years,17.2
2006,Male Residents In The Labour Force,20 - 24 Years,80.2
2006,Male Residents In The Labour Force,25 - 29 Years,104.8
2006,Male Residents In The Labour Force,30 - 34 Years,129
2006,Male Residents In The Labour Force,35 - 39 Years,142.3
2006,Male Residents In The Labour Force,40 - 44 Years,155.6
2006,Male Residents In The Labour Force,45 - 49 Years,156.2
2006,Male Residents In The Labour Force,50 - 54 Years,131.9
2006,Male Residents In The Labour Force,55 - 59 Years,92.8
2006,Male Residents In The Labour Force,60 - 64 Years,39.8
2006,Male Residents In The Labour Force,65 Years & Over,31.3
2006,Male Employed Residents,15 - 19 Years,16.4
2006,Male Employed Residents,20 - 24 Years,74.8
2006,Male Employed Residents,25 - 29 Years,99.6
2006,Male Employed Residents,30 - 34 Years,124.3
2006,Male Employed Residents,35 - 39 Years,137.8
2006,Male Employed Residents,40 - 44 Years,150.1
2006,Male Employed Residents,45 - 49 Years,151.1
2006,Male Employed Residents,50 - 54 Years,126
2006,Male Employed Residents,55 - 59 Years,88.4
2006,Male Employed Residents,60 - 64 Years,37.9
2006,Male Employed Residents,65 Years & Over,30
2006,Male Unemployed Residents,15 - 19 Years,0.8
2006,Male Unemployed Residents,20 - 24 Years,5.4
2006,Male Unemployed Residents,25 - 29 Years,5.2
2006,Male Unemployed Residents,30 - 34 Years,4.7
2006,Male Unemployed Residents,35 - 39 Years,4.5
2006,Male Unemployed Residents,40 - 44 Years,5.5
2006,Male Unemployed Residents,45 - 49 Years,5.1
2006,Male Unemployed Residents,50 - 54 Years,6
2006,Male Unemployed Residents,55 - 59 Years,4.5
2006,Male Unemployed Residents,60 - 64 Years,1.9
2006,Male Unemployed Residents,65 Years & Over,1.2
2006,Male Residents Outside The Labour Force,15 - 19 Years,119.5
2006,Male Residents Outside The Labour Force,20 - 24 Years,32.2
2006,Male Residents Outside The Labour Force,25 - 29 Years,6.7
2006,Male Residents Outside The Labour Force,30 - 34 Years,2.6
2006,Male Residents Outside The Labour Force,35 - 39 Years,2.6
2006,Male Residents Outside The Labour Force,40 - 44 Years,3.7
2006,Male Residents Outside The Labour Force,45 - 49 Years,5.6
2006,Male Residents Outside The Labour Force,50 - 54 Years,9.5
2006,Male Residents Outside The Labour Force,55 - 59 Years,20.5
2006,Male Residents Outside The Labour Force,60 - 64 Years,23.9
2006,Male Residents Outside The Labour Force,65 Years & Over,111.1
2007,Male Residents In The Labour Force,15 - 19 Years,21.6
2007,Male Residents In The Labour Force,20 - 24 Years,73.3
2007,Male Residents In The Labour Force,25 - 29 Years,104
2007,Male Residents In The Labour Force,30 - 34 Years,129.9
2007,Male Residents In The Labour Force,35 - 39 Years,141.7
2007,Male Residents In The Labour Force,40 - 44 Years,148.6
2007,Male Residents In The Labour Force,45 - 49 Years,151.5
2007,Male Residents In The Labour Force,50 - 54 Years,132.4
2007,Male Residents In The Labour Force,55 - 59 Years,97.4
2007,Male Residents In The Labour Force,60 - 64 Years,45.1
2007,Male Residents In The Labour Force,65 Years & Over,33
2007,Male Employed Residents,15 - 19 Years,20.4
2007,Male Employed Residents,20 - 24 Years,67.9
2007,Male Employed Residents,25 - 29 Years,98.3
2007,Male Employed Residents,30 - 34 Years,126.6
2007,Male Employed Residents,35 - 39 Years,138.1
2007,Male Employed Residents,40 - 44 Years,144.7
2007,Male Employed Residents,45 - 49 Years,146.5
2007,Male Employed Residents,50 - 54 Years,127.8
2007,Male Employed Residents,55 - 59 Years,93.1
2007,Male Employed Residents,60 - 64 Years,42.9
2007,Male Employed Residents,65 Years & Over,32
2007,Male Unemployed Residents,15 - 19 Years,1.1
2007,Male Unemployed Residents,20 - 24 Years,5.5
2007,Male Unemployed Residents,25 - 29 Years,5.7
2007,Male Unemployed Residents,30 - 34 Years,3.3
2007,Male Unemployed Residents,35 - 39 Years,3.6
2007,Male Unemployed Residents,40 - 44 Years,3.9
2007,Male Unemployed Residents,45 - 49 Years,5.1
2007,Male Unemployed Residents,50 - 54 Years,4.5
2007,Male Unemployed Residents,55 - 59 Years,4.3
2007,Male Unemployed Residents,60 - 64 Years,2.1
2007,Male Unemployed Residents,65 Years & Over,1
2007,Male Residents Outside The Labour Force,15 - 19 Years,120.1
2007,Male Residents Outside The Labour Force,20 - 24 Years,35.3
2007,Male Residents Outside The Labour Force,25 - 29 Years,7.1
2007,Male Residents Outside The Labour Force,30 - 34 Years,2.3
2007,Male Residents Outside The Labour Force,35 - 39 Years,2.7
2007,Male Residents Outside The Labour Force,40 - 44 Years,4.3
2007,Male Residents Outside The Labour Force,45 - 49 Years,5.4
2007,Male Residents Outside The Labour Force,50 - 54 Years,8.4
2007,Male Residents Outside The Labour Force,55 - 59 Years,17.9
2007,Male Residents Outside The Labour Force,60 - 64 Years,23.7
2007,Male Residents Outside The Labour Force,65 Years & Over,107.3
2008,Male Residents In The Labour Force,15 - 19 Years,19.3
2008,Male Residents In The Labour Force,20 - 24 Years,75.7
2008,Male Residents In The Labour Force,25 - 29 Years,105.1
2008,Male Residents In The Labour Force,30 - 34 Years,124.1
2008,Male Residents In The Labour Force,35 - 39 Years,144.8
2008,Male Residents In The Labour Force,40 - 44 Years,149.4
2008,Male Residents In The Labour Force,45 - 49 Years,154.8
2008,Male Residents In The Labour Force,50 - 54 Years,134.7
2008,Male Residents In The Labour Force,55 - 59 Years,97.9
2008,Male Residents In The Labour Force,60 - 64 Years,51.5
2008,Male Residents In The Labour Force,65 Years & Over,36
2008,Male Employed Residents,15 - 19 Years,18.8
2008,Male Employed Residents,20 - 24 Years,70.1
2008,Male Employed Residents,25 - 29 Years,98
2008,Male Employed Residents,30 - 34 Years,121.1
2008,Male Employed Residents,35 - 39 Years,141.7
2008,Male Employed Residents,40 - 44 Years,145.3
2008,Male Employed Residents,45 - 49 Years,150.1
2008,Male Employed Residents,50 - 54 Years,130.2
2008,Male Employed Residents,55 - 59 Years,94
2008,Male Employed Residents,60 - 64 Years,49.8
2008,Male Employed Residents,65 Years & Over,34.6
2008,Male Unemployed Residents,15 - 19 Years,0.5
2008,Male Unemployed Residents,20 - 24 Years,5.6
2008,Male Unemployed Residents,25 - 29 Years,7.1
2008,Male Unemployed Residents,30 - 34 Years,3
2008,Male Unemployed Residents,35 - 39 Years,3.1
2008,Male Unemployed Residents,40 - 44 Years,4
2008,Male Unemployed Residents,45 - 49 Years,4.7
2008,Male Unemployed Residents,50 - 54 Years,4.5
2008,Male Unemployed Residents,55 - 59 Years,3.9
2008,Male Unemployed Residents,60 - 64 Years,1.7
2008,Male Unemployed Residents,65 Years & Over,1.4
2008,Male Residents Outside The Labour Force,15 - 19 Years,119.3
2008,Male Residents Outside The Labour Force,20 - 24 Years,38.9
2008,Male Residents Outside The Labour Force,25 - 29 Years,7.5
2008,Male Residents Outside The Labour Force,30 - 34 Years,2.4
2008,Male Residents Outside The Labour Force,35 - 39 Years,3.4
2008,Male Residents Outside The Labour Force,40 - 44 Years,3.9
2008,Male Residents Outside The Labour Force,45 - 49 Years,5.5
2008,Male Residents Outside The Labour Force,50 - 54 Years,10.1
2008,Male Residents Outside The Labour Force,55 - 59 Years,17.5
2008,Male Residents Outside The Labour Force,60 - 64 Years,28.1
2008,Male Residents Outside The Labour Force,65 Years & Over,107.7
2009,Male Residents In The Labour Force,15 - 19 Years,18
2009,Male Residents In The Labour Force,20 - 24 Years,78.8
2009,Male Residents In The Labour Force,25 - 29 Years,111.8
2009,Male Residents In The Labour Force,30 - 34 Years,129.3
2009,Male Residents In The Labour Force,35 - 39 Years,141.3
2009,Male Residents In The Labour Force,40 - 44 Years,150.8
2009,Male Residents In The Labour Force,45 - 49 Years,152.8
2009,Male Residents In The Labour Force,50 - 54 Years,138.6
2009,Male Residents In The Labour Force,55 - 59 Years,102.3
2009,Male Residents In The Labour Force,60 - 64 Years,61.1
2009,Male Residents In The Labour Force,65 Years & Over,42
2009,Male Employed Residents,15 - 19 Years,17
2009,Male Employed Residents,20 - 24 Years,70.2
2009,Male Employed Residents,25 - 29 Years,102.5
2009,Male Employed Residents,30 - 34 Years,124.5
2009,Male Employed Residents,35 - 39 Years,135
2009,Male Employed Residents,40 - 44 Years,145.1
2009,Male Employed Residents,45 - 49 Years,146.2
2009,Male Employed Residents,50 - 54 Years,132.1
2009,Male Employed Residents,55 - 59 Years,96.3
2009,Male Employed Residents,60 - 64 Years,57.5
2009,Male Employed Residents,65 Years & Over,39.9
2009,Male Unemployed Residents,15 - 19 Years,0.9
2009,Male Unemployed Residents,20 - 24 Years,8.6
2009,Male Unemployed Residents,25 - 29 Years,9.3
2009,Male Unemployed Residents,30 - 34 Years,4.8
2009,Male Unemployed Residents,35 - 39 Years,6.3
2009,Male Unemployed Residents,40 - 44 Years,5.7
2009,Male Unemployed Residents,45 - 49 Years,6.6
2009,Male Unemployed Residents,50 - 54 Years,6.5
2009,Male Unemployed Residents,55 - 59 Years,6
2009,Male Unemployed Residents,60 - 64 Years,3.7
2009,Male Unemployed Residents,65 Years & Over,2.1
2009,Male Residents Outside The Labour Force,15 - 19 Years,120.2
2009,Male Residents Outside The Labour Force,20 - 24 Years,42.2
2009,Male Residents Outside The Labour Force,25 - 29 Years,8
2009,Male Residents Outside The Labour Force,30 - 34 Years,3
2009,Male Residents Outside The Labour Force,35 - 39 Years,3.2
2009,Male Residents Outside The Labour Force,40 - 44 Years,3.4
2009,Male Residents Outside The Labour Force,45 - 49 Years,5.7
2009,Male Residents Outside The Labour Force,50 - 54 Years,9.6
2009,Male Residents Outside The Labour Force,55 - 59 Years,15.5
2009,Male Residents Outside The Labour Force,60 - 64 Years,26.8
2009,Male Residents Outside The Labour Force,65 Years & Over,113.1
2010,Male Residents In The Labour Force,15 - 19 Years,24.1
2010,Male Residents In The Labour Force,20 - 24 Years,82.8
2010,Male Residents In The Labour Force,25 - 29 Years,113.6
2010,Male Residents In The Labour Force,30 - 34 Years,131.8
2010,Male Residents In The Labour Force,35 - 39 Years,150.1
2010,Male Residents In The Labour Force,40 - 44 Years,141.8
2010,Male Residents In The Labour Force,45 - 49 Years,154.1
2010,Male Residents In The Labour Force,50 - 54 Years,137.1
2010,Male Residents In The Labour Force,55 - 59 Years,110.9
2010,Male Residents In The Labour Force,60 - 64 Years,63.5
2010,Male Residents In The Labour Force,65 Years & Over,41.8
2010,Male Employed Residents,15 - 19 Years,22.9
2010,Male Employed Residents,20 - 24 Years,75.9
2010,Male Employed Residents,25 - 29 Years,106.9
2010,Male Employed Residents,30 - 34 Years,127.3
2010,Male Employed Residents,35 - 39 Years,145.6
2010,Male Employed Residents,40 - 44 Years,137.6
2010,Male Employed Residents,45 - 49 Years,149.4
2010,Male Employed Residents,50 - 54 Years,132
2010,Male Employed Residents,55 - 59 Years,107.1
2010,Male Employed Residents,60 - 64 Years,61.3
2010,Male Employed Residents,65 Years & Over,40.5
2010,Male Unemployed Residents,15 - 19 Years,1.2
2010,Male Unemployed Residents,20 - 24 Years,6.9
2010,Male Unemployed Residents,25 - 29 Years,6.6
2010,Male Unemployed Residents,30 - 34 Years,4.5
2010,Male Unemployed Residents,35 - 39 Years,4.5
2010,Male Unemployed Residents,40 - 44 Years,4.1
2010,Male Unemployed Residents,45 - 49 Years,4.6
2010,Male Unemployed Residents,50 - 54 Years,5.2
2010,Male Unemployed Residents,55 - 59 Years,3.8
2010,Male Unemployed Residents,60 - 64 Years,2.2
2010,Male Unemployed Residents,65 Years & Over,1.3
2010,Male Residents Outside The Labour Force,15 - 19 Years,113.8
2010,Male Residents Outside The Labour Force,20 - 24 Years,42.3
2010,Male Residents Outside The Labour Force,25 - 29 Years,8.2
2010,Male Residents Outside The Labour Force,30 - 34 Years,3
2010,Male Residents Outside The Labour Force,35 - 39 Years,3
2010,Male Residents Outside The Labour Force,40 - 44 Years,4.7
2010,Male Residents Outside The Labour Force,45 - 49 Years,6.2
2010,Male Residents Outside The Labour Force,50 - 54 Years,10.9
2010,Male Residents Outside The Labour Force,55 - 59 Years,19.6
2010,Male Residents Outside The Labour Force,60 - 64 Years,30.6
2010,Male Residents Outside The Labour Force,65 Years & Over,111.3
2011,Male Residents In The Labour Force,15 - 19 Years,21.2
2011,Male Residents In The Labour Force,20 - 24 Years,82.8
2011,Male Residents In The Labour Force,25 - 29 Years,108.3
2011,Male Residents In The Labour Force,30 - 34 Years,127.8
2011,Male Residents In The Labour Force,35 - 39 Years,143.9
2011,Male Residents In The Labour Force,40 - 44 Years,139.4
2011,Male Residents In The Labour Force,45 - 49 Years,153.9
2011,Male Residents In The Labour Force,50 - 54 Years,144
2011,Male Residents In The Labour Force,55 - 59 Years,113.3
2011,Male Residents In The Labour Force,60 - 64 Years,74.2
2011,Male Residents In The Labour Force,65 Years & Over,51.6
2011,Male Employed Residents,15 - 19 Years,20.4
2011,Male Employed Residents,20 - 24 Years,76.7
2011,Male Employed Residents,25 - 29 Years,102.7
2011,Male Employed Residents,30 - 34 Years,123.9
2011,Male Employed Residents,35 - 39 Years,140.3
2011,Male Employed Residents,40 - 44 Years,136.1
2011,Male Employed Residents,45 - 49 Years,149.7
2011,Male Employed Residents,50 - 54 Years,138.7
2011,Male Employed Residents,55 - 59 Years,109.4
2011,Male Employed Residents,60 - 64 Years,71.4
2011,Male Employed Residents,65 Years & Over,49.6
2011,Male Unemployed Residents,15 - 19 Years,0.8
2011,Male Unemployed Residents,20 - 24 Years,6.1
2011,Male Unemployed Residents,25 - 29 Years,5.6
2011,Male Unemployed Residents,30 - 34 Years,3.9
2011,Male Unemployed Residents,35 - 39 Years,3.6
2011,Male Unemployed Residents,40 - 44 Years,3.3
2011,Male Unemployed Residents,45 - 49 Years,4.2
2011,Male Unemployed Residents,50 - 54 Years,5.3
2011,Male Unemployed Residents,55 - 59 Years,4
2011,Male Unemployed Residents,60 - 64 Years,2.8
2011,Male Unemployed Residents,65 Years & Over,2
2011,Male Residents Outside The Labour Force,15 - 19 Years,124
2011,Male Residents Outside The Labour Force,20 - 24 Years,48.3
2011,Male Residents Outside The Labour Force,25 - 29 Years,9.6
2011,Male Residents Outside The Labour Force,30 - 34 Years,3.5
2011,Male Residents Outside The Labour Force,35 - 39 Years,3.3
2011,Male Residents Outside The Labour Force,40 - 44 Years,4.2
2011,Male Residents Outside The Labour Force,45 - 49 Years,6.4
2011,Male Residents Outside The Labour Force,50 - 54 Years,10
2011,Male Residents Outside The Labour Force,55 - 59 Years,19
2011,Male Residents Outside The Labour Force,60 - 64 Years,30.2
2011,Male Residents Outside The Labour Force,65 Years & Over,115.3
2012,Male Residents In The Labour Force,15 - 19 Years,19.4
2012,Male Residents In The Labour Force,20 - 24 Years,90.6
2012,Male Residents In The Labour Force,25 - 29 Years,104.2
2012,Male Residents In The Labour Force,30 - 34 Years,123.5
2012,Male Residents In The Labour Force,35 - 39 Years,140.4
2012,Male Residents In The Labour Force,40 - 44 Years,143.7
2012,Male Residents In The Labour Force,45 - 49 Years,151
2012,Male Residents In The Labour Force,50 - 54 Years,145.2
2012,Male Residents In The Labour Force,55 - 59 Years,120.8
2012,Male Residents In The Labour Force,60 - 64 Years,82
2012,Male Residents In The Labour Force,65 Years & Over,56.8
2012,Male Employed Residents,15 - 19 Years,18.4
2012,Male Employed Residents,20 - 24 Years,84.5
2012,Male Employed Residents,25 - 29 Years,98.4
2012,Male Employed Residents,30 - 34 Years,120.7
2012,Male Employed Residents,35 - 39 Years,137.8
2012,Male Employed Residents,40 - 44 Years,140.3
2012,Male Employed Residents,45 - 49 Years,146.7
2012,Male Employed Residents,50 - 54 Years,140.7
2012,Male Employed Residents,55 - 59 Years,117.3
2012,Male Employed Residents,60 - 64 Years,79.2
2012,Male Employed Residents,65 Years & Over,54.2
2012,Male Unemployed Residents,15 - 19 Years,1
2012,Male Unemployed Residents,20 - 24 Years,6
2012,Male Unemployed Residents,25 - 29 Years,5.8
2012,Male Unemployed Residents,30 - 34 Years,2.9
2012,Male Unemployed Residents,35 - 39 Years,2.6
2012,Male Unemployed Residents,40 - 44 Years,3.4
2012,Male Unemployed Residents,45 - 49 Years,4.2
2012,Male Unemployed Residents,50 - 54 Years,4.5
2012,Male Unemployed Residents,55 - 59 Years,3.5
2012,Male Unemployed Residents,60 - 64 Years,2.7
2012,Male Unemployed Residents,65 Years & Over,2.7
2012,Male Residents Outside The Labour Force,15 - 19 Years,121.7
2012,Male Residents Outside The Labour Force,20 - 24 Years,49.8
2012,Male Residents Outside The Labour Force,25 - 29 Years,11.7
2012,Male Residents Outside The Labour Force,30 - 34 Years,3.6
2012,Male Residents Outside The Labour Force,35 - 39 Years,2.6
2012,Male Residents Outside The Labour Force,40 - 44 Years,4.3
2012,Male Residents Outside The Labour Force,45 - 49 Years,7
2012,Male Residents Outside The Labour Force,50 - 54 Years,9.5
2012,Male Residents Outside The Labour Force,55 - 59 Years,15.7
2012,Male Residents Outside The Labour Force,60 - 64 Years,28
2012,Male Residents Outside The Labour Force,65 Years & Over,118.6
2013,Male Residents In The Labour Force,15 - 19 Years,18.3
2013,Male Residents In The Labour Force,20 - 24 Years,84.4
2013,Male Residents In The Labour Force,25 - 29 Years,102.4
2013,Male Residents In The Labour Force,30 - 34 Years,126.1
2013,Male Residents In The Labour Force,35 - 39 Years,138.2
2013,Male Residents In The Labour Force,40 - 44 Years,143.3
2013,Male Residents In The Labour Force,45 - 49 Years,149.6
2013,Male Residents In The Labour Force,50 - 54 Years,147.2
2013,Male Residents In The Labour Force,55 - 59 Years,121.6
2013,Male Residents In The Labour Force,60 - 64 Years,86.5
2013,Male Residents In The Labour Force,65 Years & Over,65.6
2013,Male Employed Residents,15 - 19 Years,17.5
2013,Male Employed Residents,20 - 24 Years,79
2013,Male Employed Residents,25 - 29 Years,96
2013,Male Employed Residents,30 - 34 Years,122.7
2013,Male Employed Residents,35 - 39 Years,134.7
2013,Male Employed Residents,40 - 44 Years,139.5
2013,Male Employed Residents,45 - 49 Years,145.7
2013,Male Employed Residents,50 - 54 Years,142.9
2013,Male Employed Residents,55 - 59 Years,118.4
2013,Male Employed Residents,60 - 64 Years,83
2013,Male Employed Residents,65 Years & Over,62.9
2013,Male Unemployed Residents,15 - 19 Years,0.8
2013,Male Unemployed Residents,20 - 24 Years,5.5
2013,Male Unemployed Residents,25 - 29 Years,6.3
2013,Male Unemployed Residents,30 - 34 Years,3.4
2013,Male Unemployed Residents,35 - 39 Years,3.4
2013,Male Unemployed Residents,40 - 44 Years,3.8
2013,Male Unemployed Residents,45 - 49 Years,3.9
2013,Male Unemployed Residents,50 - 54 Years,4.2
2013,Male Unemployed Residents,55 - 59 Years,3.3
2013,Male Unemployed Residents,60 - 64 Years,3.6
2013,Male Unemployed Residents,65 Years & Over,2.7
2013,Male Residents Outside The Labour Force,15 - 19 Years,120.5
2013,Male Residents Outside The Labour Force,20 - 24 Years,49.1
2013,Male Residents Outside The Labour Force,25 - 29 Years,12.6
2013,Male Residents Outside The Labour Force,30 - 34 Years,3.6
2013,Male Residents Outside The Labour Force,35 - 39 Years,3.5
2013,Male Residents Outside The Labour Force,40 - 44 Years,4.3
2013,Male Residents Outside The Labour Force,45 - 49 Years,6.1
2013,Male Residents Outside The Labour Force,50 - 54 Years,9.5
2013,Male Residents Outside The Labour Force,55 - 59 Years,17.2
2013,Male Residents Outside The Labour Force,60 - 64 Years,28.9
2013,Male Residents Outside The Labour Force,65 Years & Over,122.6
2014,Male Residents In The Labour Force,15 - 19 Years,19.4
2014,Male Residents In The Labour Force,20 - 24 Years,84.9
2014,Male Residents In The Labour Force,25 - 29 Years,109.1
2014,Male Residents In The Labour Force,30 - 34 Years,126.8
2014,Male Residents In The Labour Force,35 - 39 Years,135.6
2014,Male Residents In The Labour Force,40 - 44 Years,142.2
2014,Male Residents In The Labour Force,45 - 49 Years,139.4
2014,Male Residents In The Labour Force,50 - 54 Years,146
2014,Male Residents In The Labour Force,55 - 59 Years,128.3
2014,Male Residents In The Labour Force,60 - 64 Years,94.7
2014,Male Residents In The Labour Force,65 Years & Over,76.2
2014,Male Employed Residents,15 - 19 Years,18.5
2014,Male Employed Residents,20 - 24 Years,79.3
2014,Male Employed Residents,25 - 29 Years,101.8
2014,Male Employed Residents,30 - 34 Years,123.1
2014,Male Employed Residents,35 - 39 Years,132
2014,Male Employed Residents,40 - 44 Years,137.6
2014,Male Employed Residents,45 - 49 Years,136
2014,Male Employed Residents,50 - 54 Years,143
2014,Male Employed Residents,55 - 59 Years,124.3
2014,Male Employed Residents,60 - 64 Years,91.9
2014,Male Employed Residents,65 Years & Over,73.5
2014,Male Unemployed Residents,15 - 19 Years,0.9
2014,Male Unemployed Residents,20 - 24 Years,5.6
2014,Male Unemployed Residents,25 - 29 Years,7.3
2014,Male Unemployed Residents,30 - 34 Years,3.7
2014,Male Unemployed Residents,35 - 39 Years,3.6
2014,Male Unemployed Residents,40 - 44 Years,4.6
2014,Male Unemployed Residents,45 - 49 Years,3.4
2014,Male Unemployed Residents,50 - 54 Years,3
2014,Male Unemployed Residents,55 - 59 Years,4
2014,Male Unemployed Residents,60 - 64 Years,2.8
2014,Male Unemployed Residents,65 Years & Over,2.7
2014,Male Residents Outside The Labour Force,15 - 19 Years,111.1
2014,Male Residents Outside The Labour Force,20 - 24 Years,48.5
2014,Male Residents Outside The Labour Force,25 - 29 Years,13
2014,Male Residents Outside The Labour Force,30 - 34 Years,3.3
2014,Male Residents Outside The Labour Force,35 - 39 Years,3.8
2014,Male Residents Outside The Labour Force,40 - 44 Years,4.6
2014,Male Residents Outside The Labour Force,45 - 49 Years,5.2
2014,Male Residents Outside The Labour Force,50 - 54 Years,9.6
2014,Male Residents Outside The Labour Force,55 - 59 Years,18.3
2014,Male Residents Outside The Labour Force,60 - 64 Years,28.2
2014,Male Residents Outside The Labour Force,65 Years & Over,135.6
2015,Male Residents In The Labour Force,15 - 19 Years,24.1
2015,Male Residents In The Labour Force,20 - 24 Years,84.6
2015,Male Residents In The Labour Force,25 - 29 Years,108
2015,Male Residents In The Labour Force,30 - 34 Years,123.6
2015,Male Residents In The Labour Force,35 - 39 Years,136.8
2015,Male Residents In The Labour Force,40 - 44 Years,146.8
2015,Male Residents In The Labour Force,45 - 49 Years,141.6
2015,Male Residents In The Labour Force,50 - 54 Years,149.7
2015,Male Residents In The Labour Force,55 - 59 Years,130.9
2015,Male Residents In The Labour Force,60 - 64 Years,95.2
2015,Male Residents In The Labour Force,65 Years & Over,74.9
2015,Male Employed Residents,15 - 19 Years,22.9
2015,Male Employed Residents,20 - 24 Years,77.4
2015,Male Employed Residents,25 - 29 Years,101.8
2015,Male Employed Residents,30 - 34 Years,119.9
2015,Male Employed Residents,35 - 39 Years,133.9
2015,Male Employed Residents,40 - 44 Years,143.4
2015,Male Employed Residents,45 - 49 Years,137.3
2015,Male Employed Residents,50 - 54 Years,145.8
2015,Male Employed Residents,55 - 59 Years,126.5
2015,Male Employed Residents,60 - 64 Years,91.3
2015,Male Employed Residents,65 Years & Over,71.5
2015,Male Unemployed Residents,15 - 19 Years,1.2
2015,Male Unemployed Residents,20 - 24 Years,7.2
2015,Male Unemployed Residents,25 - 29 Years,6.2
2015,Male Unemployed Residents,30 - 34 Years,3.6
2015,Male Unemployed Residents,35 - 39 Years,2.9
2015,Male Unemployed Residents,40 - 44 Years,3.4
2015,Male Unemployed Residents,45 - 49 Years,4.2
2015,Male Unemployed Residents,50 - 54 Years,3.9
2015,Male Unemployed Residents,55 - 59 Years,4.4
2015,Male Unemployed Residents,60 - 64 Years,3.9
2015,Male Unemployed Residents,65 Years & Over,3.4
2015,Male Residents Outside The Labour Force,15 - 19 Years,107.7
2015,Male Residents Outside The Labour Force,20 - 24 Years,46.8
2015,Male Residents Outside The Labour Force,25 - 29 Years,10.8
2015,Male Residents Outside The Labour Force,30 - 34 Years,3.3
2015,Male Residents Outside The Labour Force,35 - 39 Years,3.5
2015,Male Residents Outside The Labour Force,40 - 44 Years,4.3
2015,Male Residents Outside The Labour Force,45 - 49 Years,4.6
2015,Male Residents Outside The Labour Force,50 - 54 Years,9.3
2015,Male Residents Outside The Labour Force,55 - 59 Years,17.5
2015,Male Residents Outside The Labour Force,60 - 64 Years,28.1
2015,Male Residents Outside The Labour Force,65 Years & Over,133.2