year,level_1,level_2,value
1964,Total Government Employees In The Civil Service,Males,na
1964,Total Government Employees In The Civil Service,Females,na
1964,Division One,Males,na
1964,Division One,Females,na
1964,Division Two,Males,na
1964,Division Two,Females,na
1964,Division Three,Males,na
1964,Division Three,Females,na
1964,Division Four,Males,na
1964,Division Four,Females,na
1965,Total Government Employees In The Civil Service,Males,na
1965,Total Government Employees In The Civil Service,Females,na
1965,Division One,Males,na
1965,Division One,Females,na
1965,Division Two,Males,na
1965,Division Two,Females,na
1965,Division Three,Males,na
1965,Division Three,Females,na
1965,Division Four,Males,na
1965,Division Four,Females,na
1966,Total Government Employees In The Civil Service,Males,na
1966,Total Government Employees In The Civil Service,Females,na
1966,Division One,Males,na
1966,Division One,Females,na
1966,Division Two,Males,na
1966,Division Two,Females,na
1966,Division Three,Males,na
1966,Division Three,Females,na
1966,Division Four,Males,na
1966,Division Four,Females,na
1967,Total Government Employees In The Civil Service,Males,na
1967,Total Government Employees In The Civil Service,Females,na
1967,Division One,Males,na
1967,Division One,Females,na
1967,Division Two,Males,na
1967,Division Two,Females,na
1967,Division Three,Males,na
1967,Division Three,Females,na
1967,Division Four,Males,na
1967,Division Four,Females,na
1968,Total Government Employees In The Civil Service,Males,na
1968,Total Government Employees In The Civil Service,Females,na
1968,Division One,Males,na
1968,Division One,Females,na
1968,Division Two,Males,na
1968,Division Two,Females,na
1968,Division Three,Males,na
1968,Division Three,Females,na
1968,Division Four,Males,na
1968,Division Four,Females,na
1969,Total Government Employees In The Civil Service,Males,na
1969,Total Government Employees In The Civil Service,Females,na
1969,Division One,Males,na
1969,Division One,Females,na
1969,Division Two,Males,na
1969,Division Two,Females,na
1969,Division Three,Males,na
1969,Division Three,Females,na
1969,Division Four,Males,na
1969,Division Four,Females,na
1970,Total Government Employees In The Civil Service,Males,na
1970,Total Government Employees In The Civil Service,Females,na
1970,Division One,Males,na
1970,Division One,Females,na
1970,Division Two,Males,na
1970,Division Two,Females,na
1970,Division Three,Males,na
1970,Division Three,Females,na
1970,Division Four,Males,na
1970,Division Four,Females,na
1971,Total Government Employees In The Civil Service,Males,na
1971,Total Government Employees In The Civil Service,Females,na
1971,Division One,Males,na
1971,Division One,Females,na
1971,Division Two,Males,na
1971,Division Two,Females,na
1971,Division Three,Males,na
1971,Division Three,Females,na
1971,Division Four,Males,na
1971,Division Four,Females,na
1972,Total Government Employees In The Civil Service,Males,na
1972,Total Government Employees In The Civil Service,Females,na
1972,Division One,Males,na
1972,Division One,Females,na
1972,Division Two,Males,na
1972,Division Two,Females,na
1972,Division Three,Males,na
1972,Division Three,Females,na
1972,Division Four,Males,na
1972,Division Four,Females,na
1973,Total Government Employees In The Civil Service,Males,na
1973,Total Government Employees In The Civil Service,Females,na
1973,Division One,Males,na
1973,Division One,Females,na
1973,Division Two,Males,na
1973,Division Two,Females,na
1973,Division Three,Males,na
1973,Division Three,Females,na
1973,Division Four,Males,na
1973,Division Four,Females,na
1974,Total Government Employees In The Civil Service,Males,na
1974,Total Government Employees In The Civil Service,Females,na
1974,Division One,Males,na
1974,Division One,Females,na
1974,Division Two,Males,na
1974,Division Two,Females,na
1974,Division Three,Males,na
1974,Division Three,Females,na
1974,Division Four,Males,na
1974,Division Four,Females,na
1975,Total Government Employees In The Civil Service,Males,na
1975,Total Government Employees In The Civil Service,Females,na
1975,Division One,Males,na
1975,Division One,Females,na
1975,Division Two,Males,na
1975,Division Two,Females,na
1975,Division Three,Males,na
1975,Division Three,Females,na
1975,Division Four,Males,na
1975,Division Four,Females,na
1976,Total Government Employees In The Civil Service,Males,na
1976,Total Government Employees In The Civil Service,Females,na
1976,Division One,Males,na
1976,Division One,Females,na
1976,Division Two,Males,na
1976,Division Two,Females,na
1976,Division Three,Males,na
1976,Division Three,Females,na
1976,Division Four,Males,na
1976,Division Four,Females,na
1977,Total Government Employees In The Civil Service,Males,na
1977,Total Government Employees In The Civil Service,Females,na
1977,Division One,Males,na
1977,Division One,Females,na
1977,Division Two,Males,na
1977,Division Two,Females,na
1977,Division Three,Males,na
1977,Division Three,Females,na
1977,Division Four,Males,na
1977,Division Four,Females,na
1978,Total Government Employees In The Civil Service,Males,na
1978,Total Government Employees In The Civil Service,Females,na
1978,Division One,Males,na
1978,Division One,Females,na
1978,Division Two,Males,na
1978,Division Two,Females,na
1978,Division Three,Males,na
1978,Division Three,Females,na
1978,Division Four,Males,na
1978,Division Four,Females,na
1979,Total Government Employees In The Civil Service,Males,na
1979,Total Government Employees In The Civil Service,Females,na
1979,Division One,Males,na
1979,Division One,Females,na
1979,Division Two,Males,na
1979,Division Two,Females,na
1979,Division Three,Males,na
1979,Division Three,Females,na
1979,Division Four,Males,na
1979,Division Four,Females,na
1980,Total Government Employees In The Civil Service,Males,na
1980,Total Government Employees In The Civil Service,Females,na
1980,Division One,Males,na
1980,Division One,Females,na
1980,Division Two,Males,na
1980,Division Two,Females,na
1980,Division Three,Males,na
1980,Division Three,Females,na
1980,Division Four,Males,na
1980,Division Four,Females,na
1981,Total Government Employees In The Civil Service,Males,na
1981,Total Government Employees In The Civil Service,Females,na
1981,Division One,Males,na
1981,Division One,Females,na
1981,Division Two,Males,na
1981,Division Two,Females,na
1981,Division Three,Males,na
1981,Division Three,Females,na
1981,Division Four,Males,na
1981,Division Four,Females,na
1982,Total Government Employees In The Civil Service,Males,na
1982,Total Government Employees In The Civil Service,Females,na
1982,Division One,Males,na
1982,Division One,Females,na
1982,Division Two,Males,na
1982,Division Two,Females,na
1982,Division Three,Males,na
1982,Division Three,Females,na
1982,Division Four,Males,na
1982,Division Four,Females,na
1983,Total Government Employees In The Civil Service,Males,na
1983,Total Government Employees In The Civil Service,Females,na
1983,Division One,Males,na
1983,Division One,Females,na
1983,Division Two,Males,na
1983,Division Two,Females,na
1983,Division Three,Males,na
1983,Division Three,Females,na
1983,Division Four,Males,na
1983,Division Four,Females,na
1984,Total Government Employees In The Civil Service,Males,na
1984,Total Government Employees In The Civil Service,Females,na
1984,Division One,Males,na
1984,Division One,Females,na
1984,Division Two,Males,na
1984,Division Two,Females,na
1984,Division Three,Males,na
1984,Division Three,Females,na
1984,Division Four,Males,na
1984,Division Four,Females,na
1985,Total Government Employees In The Civil Service,Males,na
1985,Total Government Employees In The Civil Service,Females,na
1985,Division One,Males,na
1985,Division One,Females,na
1985,Division Two,Males,na
1985,Division Two,Females,na
1985,Division Three,Males,na
1985,Division Three,Females,na
1985,Division Four,Males,na
1985,Division Four,Females,na
1986,Total Government Employees In The Civil Service,Males,na
1986,Total Government Employees In The Civil Service,Females,na
1986,Division One,Males,na
1986,Division One,Females,na
1986,Division Two,Males,na
1986,Division Two,Females,na
1986,Division Three,Males,na
1986,Division Three,Females,na
1986,Division Four,Males,na
1986,Division Four,Females,na
1987,Total Government Employees In The Civil Service,Males,na
1987,Total Government Employees In The Civil Service,Females,na
1987,Division One,Males,na
1987,Division One,Females,na
1987,Division Two,Males,na
1987,Division Two,Females,na
1987,Division Three,Males,na
1987,Division Three,Females,na
1987,Division Four,Males,na
1987,Division Four,Females,na
1988,Total Government Employees In The Civil Service,Males,na
1988,Total Government Employees In The Civil Service,Females,na
1988,Division One,Males,na
1988,Division One,Females,na
1988,Division Two,Males,na
1988,Division Two,Females,na
1988,Division Three,Males,na
1988,Division Three,Females,na
1988,Division Four,Males,na
1988,Division Four,Females,na
1989,Total Government Employees In The Civil Service,Males,na
1989,Total Government Employees In The Civil Service,Females,na
1989,Division One,Males,na
1989,Division One,Females,na
1989,Division Two,Males,na
1989,Division Two,Females,na
1989,Division Three,Males,na
1989,Division Three,Females,na
1989,Division Four,Males,na
1989,Division Four,Females,na
1990,Total Government Employees In The Civil Service,Males,na
1990,Total Government Employees In The Civil Service,Females,na
1990,Division One,Males,na
1990,Division One,Females,na
1990,Division Two,Males,na
1990,Division Two,Females,na
1990,Division Three,Males,na
1990,Division Three,Females,na
1990,Division Four,Males,na
1990,Division Four,Females,na
1991,Total Government Employees In The Civil Service,Males,na
1991,Total Government Employees In The Civil Service,Females,na
1991,Division One,Males,na
1991,Division One,Females,na
1991,Division Two,Males,na
1991,Division Two,Females,na
1991,Division Three,Males,na
1991,Division Three,Females,na
1991,Division Four,Males,na
1991,Division Four,Females,na
1992,Total Government Employees In The Civil Service,Males,na
1992,Total Government Employees In The Civil Service,Females,na
1992,Division One,Males,na
1992,Division One,Females,na
1992,Division Two,Males,na
1992,Division Two,Females,na
1992,Division Three,Males,na
1992,Division Three,Females,na
1992,Division Four,Males,na
1992,Division Four,Females,na
1993,Total Government Employees In The Civil Service,Males,na
1993,Total Government Employees In The Civil Service,Females,na
1993,Division One,Males,na
1993,Division One,Females,na
1993,Division Two,Males,na
1993,Division Two,Females,na
1993,Division Three,Males,na
1993,Division Three,Females,na
1993,Division Four,Males,na
1993,Division Four,Females,na
1994,Total Government Employees In The Civil Service,Males,na
1994,Total Government Employees In The Civil Service,Females,na
1994,Division One,Males,na
1994,Division One,Females,na
1994,Division Two,Males,na
1994,Division Two,Females,na
1994,Division Three,Males,na
1994,Division Three,Females,na
1994,Division Four,Males,na
1994,Division Four,Females,na
1995,Total Government Employees In The Civil Service,Males,na
1995,Total Government Employees In The Civil Service,Females,na
1995,Division One,Males,na
1995,Division One,Females,na
1995,Division Two,Males,na
1995,Division Two,Females,na
1995,Division Three,Males,na
1995,Division Three,Females,na
1995,Division Four,Males,na
1995,Division Four,Females,na
1996,Total Government Employees In The Civil Service,Males,na
1996,Total Government Employees In The Civil Service,Females,na
1996,Division One,Males,na
1996,Division One,Females,na
1996,Division Two,Males,na
1996,Division Two,Females,na
1996,Division Three,Males,na
1996,Division Three,Females,na
1996,Division Four,Males,na
1996,Division Four,Females,na
1997,Total Government Employees In The Civil Service,Males,na
1997,Total Government Employees In The Civil Service,Females,na
1997,Division One,Males,na
1997,Division One,Females,na
1997,Division Two,Males,na
1997,Division Two,Females,na
1997,Division Three,Males,na
1997,Division Three,Females,na
1997,Division Four,Males,na
1997,Division Four,Females,na
1998,Total Government Employees In The Civil Service,Males,na
1998,Total Government Employees In The Civil Service,Females,na
1998,Division One,Males,na
1998,Division One,Females,na
1998,Division Two,Males,na
1998,Division Two,Females,na
1998,Division Three,Males,na
1998,Division Three,Females,na
1998,Division Four,Males,na
1998,Division Four,Females,na
1999,Total Government Employees In The Civil Service,Males,na
1999,Total Government Employees In The Civil Service,Females,na
1999,Division One,Males,na
1999,Division One,Females,na
1999,Division Two,Males,na
1999,Division Two,Females,na
1999,Division Three,Males,na
1999,Division Three,Females,na
1999,Division Four,Males,na
1999,Division Four,Females,na
2000,Total Government Employees In The Civil Service,Males,29359
2000,Total Government Employees In The Civil Service,Females,33957
2000,Division One,Males,9840
2000,Division One,Females,14560
2000,Division Two,Males,7483
2000,Division Two,Females,11456
2000,Division Three,Males,9257
2000,Division Three,Females,5736
2000,Division Four,Males,2779
2000,Division Four,Females,2205
2001,Total Government Employees In The Civil Service,Males,28019
2001,Total Government Employees In The Civil Service,Females,33013
2001,Division One,Males,9850
2001,Division One,Females,14915
2001,Division Two,Males,7124
2001,Division Two,Females,11103
2001,Division Three,Males,8620
2001,Division Three,Females,5152
2001,Division Four,Males,2425
2001,Division Four,Females,1843
2002,Total Government Employees In The Civil Service,Males,26756
2002,Total Government Employees In The Civil Service,Females,33484
2002,Division One,Males,9871
2002,Division One,Females,15912
2002,Division Two,Males,6769
2002,Division Two,Females,10836
2002,Division Three,Males,7890
2002,Division Three,Females,4953
2002,Division Four,Males,2226
2002,Division Four,Females,1783
2003,Total Government Employees In The Civil Service,Males,27334
2003,Total Government Employees In The Civil Service,Females,34268
2003,Division One,Males,10508
2003,Division One,Females,17129
2003,Division Two,Males,6719
2003,Division Two,Females,10468
2003,Division Three,Males,7840
2003,Division Three,Females,4914
2003,Division Four,Males,2267
2003,Division Four,Females,1757
2004,Total Government Employees In The Civil Service,Males,27300
2004,Total Government Employees In The Civil Service,Females,34216
2004,Division One,Males,10835
2004,Division One,Females,17803
2004,Division Two,Males,6693
2004,Division Two,Females,9915
2004,Division Three,Males,7485
2004,Division Three,Females,4765
2004,Division Four,Males,2287
2004,Division Four,Females,1733
2005,Total Government Employees In The Civil Service,Males,27750
2005,Total Government Employees In The Civil Service,Females,35042
2005,Division One,Males,11568
2005,Division One,Females,18965
2005,Division Two,Males,6803
2005,Division Two,Females,9642
2005,Division Three,Males,7111
2005,Division Three,Females,4725
2005,Division Four,Males,2268
2005,Division Four,Females,1710
2006,Total Government Employees In The Civil Service,Males,28232
2006,Total Government Employees In The Civil Service,Females,36307
2006,Division One,Males,12172
2006,Division One,Females,20240
2006,Division Two,Males,7083
2006,Division Two,Females,9585
2006,Division Three,Males,6787
2006,Division Three,Females,4797
2006,Division Four,Males,2190
2006,Division Four,Females,1685
2007,Total Government Employees In The Civil Service,Males,28686
2007,Total Government Employees In The Civil Service,Females,37146
2007,Division One,Males,12629
2007,Division One,Females,21148
2007,Division Two,Males,7198
2007,Division Two,Females,9610
2007,Division Three,Males,6654
2007,Division Three,Females,4704
2007,Division Four,Males,2205
2007,Division Four,Females,1684
2008,Total Government Employees In The Civil Service,Males,29363
2008,Total Government Employees In The Civil Service,Females,38451
2008,Division One,Males,13223
2008,Division One,Females,22136
2008,Division Two,Males,8518
2008,Division Two,Females,10580
2008,Division Three,Males,5474
2008,Division Three,Females,4062
2008,Division Four,Males,2148
2008,Division Four,Females,1673
2009,Total Government Employees In The Civil Service,Males,32427
2009,Total Government Employees In The Civil Service,Females,41774
2009,Division One,Males,14595
2009,Division One,Females,24244
2009,Division Two,Males,9278
2009,Division Two,Females,11550
2009,Division Three,Males,6431
2009,Division Three,Females,4324
2009,Division Four,Males,2123
2009,Division Four,Females,1656
2010,Total Government Employees In The Civil Service,Males,33034
2010,Total Government Employees In The Civil Service,Females,42802
2010,Division One,Males,14964
2010,Division One,Females,25196
2010,Division Two,Males,12590
2010,Division Two,Females,12578
2010,Division Three,Males,3381
2010,Division Three,Females,3381
2010,Division Four,Males,2099
2010,Division Four,Females,1647
2011,Total Government Employees In The Civil Service,Males,33461
2011,Total Government Employees In The Civil Service,Females,44079
2011,Division One,Males,15534
2011,Division One,Females,26423
2011,Division Two,Males,13147
2011,Division Two,Females,12887
2011,Division Three,Males,2728
2011,Division Three,Females,3160
2011,Division Four,Males,2052
2011,Division Four,Females,1609
2012,Total Government Employees In The Civil Service,Males,34584
2012,Total Government Employees In The Civil Service,Females,45626
2012,Division One,Males,16432
2012,Division One,Females,28288
2012,Division Two,Males,13586
2012,Division Two,Females,12603
2012,Division Three,Males,2559
2012,Division Three,Females,3124
2012,Division Four,Males,2007
2012,Division Four,Females,1611
2013,Total Government Employees In The Civil Service,Males,35162
2013,Total Government Employees In The Civil Service,Females,46346
2013,Division One,Males,17072
2013,Division One,Females,29584
2013,Division Two,Males,13850
2013,Division Two,Females,12101
2013,Division Three,Males,2256
2013,Division Three,Females,3051
2013,Division Four,Males,1984
2013,Division Four,Females,1610
2014,Total Government Employees In The Civil Service,Males,35659
2014,Total Government Employees In The Civil Service,Females,46632
2014,Division One,Males,17790
2014,Division One,Females,30957
2014,Division Two,Males,14000
2014,Division Two,Females,11166
2014,Division Three,Males,1966
2014,Division Three,Females,2922
2014,Division Four,Males,1903
2014,Division Four,Females,1587